file,line,type,commit,author,date,time,timezone,datetime,depth,length
style.css,1,css,e2981d72,Sardor Sobirov,2025-04-11,19:31:30,-07:00,2025-04-11T19:31:30-07:00,0,6
style.css,2,css,e2981d72,Sardor Sobirov,2025-04-11,19:31:30,-07:00,2025-04-11T19:31:30-07:00,0,32
style.css,3,css,e2981d72,Sardor Sobirov,2025-04-11,19:31:30,-07:00,2025-04-11T19:31:30-07:00,0,0
style.css,4,css,e2981d72,Sardor Sobirov,2025-04-11,19:31:30,-07:00,2025-04-11T19:31:30-07:00,0,0
style.css,5,css,e2981d72,Sardor Sobirov,2025-04-11,19:31:30,-07:00,2025-04-11T19:31:30-07:00,0,5
style.css,6,css,fac0f502,Sardor Sobirov,2025-04-18,12:48:43,-07:00,2025-04-18T12:48:43-07:00,0,57
style.css,7,css,e2981d72,Sardor Sobirov,2025-04-11,19:31:30,-07:00,2025-04-11T19:31:30-07:00,0,33
style.css,8,css,e2981d72,Sardor Sobirov,2025-04-11,19:31:30,-07:00,2025-04-11T19:31:30-07:00,0,0
style.css,9,css,e2981d72,Sardor Sobirov,2025-04-11,19:31:30,-07:00,2025-04-11T19:31:30-07:00,0,0
style.css,10,css,5eaf1ab9,Sardor Sobirov,2025-04-04,21:48:34,-07:00,2025-04-04T21:48:34-07:00,0,5
style.css,11,css,243ee737,Sardor Sobirov,2025-04-04,22:00:23,-07:00,2025-04-04T22:00:23-07:00,0,24
style.css,12,css,243ee737,Sardor Sobirov,2025-04-04,22:00:23,-07:00,2025-04-04T22:00:23-07:00,0,45
style.css,13,css,243ee737,Sardor Sobirov,2025-04-04,22:00:23,-07:00,2025-04-04T22:00:23-07:00,0,16
style.css,14,css,e2981d72,Sardor Sobirov,2025-04-11,19:31:30,-07:00,2025-04-11T19:31:30-07:00,0,16
style.css,15,css,e2981d72,Sardor Sobirov,2025-04-11,19:31:30,-07:00,2025-04-11T19:31:30-07:00,0,19
style.css,16,css,e2981d72,Sardor Sobirov,2025-04-11,19:31:30,-07:00,2025-04-11T19:31:30-07:00,0,13
style.css,17,css,e2981d72,Sardor Sobirov,2025-04-11,19:31:30,-07:00,2025-04-11T19:31:30-07:00,0,0
style.css,18,css,e2981d72,Sardor Sobirov,2025-04-11,19:31:30,-07:00,2025-04-11T19:31:30-07:00,0,0
style.css,19,css,e2981d72,Sardor Sobirov,2025-04-11,19:31:30,-07:00,2025-04-11T19:31:30-07:00,0,19
style.css,20,css,e2981d72,Sardor Sobirov,2025-04-11,19:31:30,-07:00,2025-04-11T19:31:30-07:00,0,23
style.css,21,css,e2981d72,Sardor Sobirov,2025-04-11,19:31:30,-07:00,2025-04-11T19:31:30-07:00,0,16
style.css,22,css,e2981d72,Sardor Sobirov,2025-04-11,19:31:30,-07:00,2025-04-11T19:31:30-07:00,0,18
style.css,23,css,e2981d72,Sardor Sobirov,2025-04-11,19:31:30,-07:00,2025-04-11T19:31:30-07:00,0,0
style.css,24,css,e2981d72,Sardor Sobirov,2025-04-11,19:31:30,-07:00,2025-04-11T19:31:30-07:00,0,0
style.css,25,css,e2981d72,Sardor Sobirov,2025-04-11,19:31:30,-07:00,2025-04-11T19:31:30-07:00,0,3
style.css,26,css,e2981d72,Sardor Sobirov,2025-04-11,19:31:30,-07:00,2025-04-11T19:31:30-07:00,0,15
style.css,27,css,e2981d72,Sardor Sobirov,2025-04-11,19:31:30,-07:00,2025-04-11T19:31:30-07:00,0,18
style.css,28,css,e2981d72,Sardor Sobirov,2025-04-11,19:31:30,-07:00,2025-04-11T19:31:30-07:00,0,0
style.css,29,css,e2981d72,Sardor Sobirov,2025-04-11,19:31:30,-07:00,2025-04-11T19:31:30-07:00,0,0
style.css,30,css,869b9b97,Sardor Sobirov,2025-05-02,19:18:28,-07:00,2025-05-02T19:18:28-07:00,0,18
style.css,31,css,869b9b97,Sardor Sobirov,2025-05-02,19:18:28,-07:00,2025-05-02T19:18:28-07:00,0,15
style.css,32,css,869b9b97,Sardor Sobirov,2025-05-02,19:18:28,-07:00,2025-05-02T19:18:28-07:00,0,17
style.css,33,css,869b9b97,Sardor Sobirov,2025-05-02,19:18:28,-07:00,2025-05-02T19:18:28-07:00,0,19
style.css,34,css,869b9b97,Sardor Sobirov,2025-05-02,19:18:28,-07:00,2025-05-02T19:18:28-07:00,0,16
style.css,35,css,869b9b97,Sardor Sobirov,2025-05-02,19:18:28,-07:00,2025-05-02T19:18:28-07:00,0,0
style.css,36,css,869b9b97,Sardor Sobirov,2025-05-02,19:18:28,-07:00,2025-05-02T19:18:28-07:00,0,0
style.css,37,css,e2981d72,Sardor Sobirov,2025-04-11,19:31:30,-07:00,2025-04-11T19:31:30-07:00,0,4
style.css,38,css,e2981d72,Sardor Sobirov,2025-04-11,19:31:30,-07:00,2025-04-11T19:31:30-07:00,0,13
style.css,39,css,e2981d72,Sardor Sobirov,2025-04-11,19:31:30,-07:00,2025-04-11T19:31:30-07:00,0,19
style.css,40,css,fac0f502,Sardor Sobirov,2025-04-18,12:48:43,-07:00,2025-04-18T12:48:43-07:00,0,80
style.css,41,css,fac0f502,Sardor Sobirov,2025-04-18,12:48:43,-07:00,2025-04-18T12:48:43-07:00,0,44
style.css,42,css,e2981d72,Sardor Sobirov,2025-04-11,19:31:30,-07:00,2025-04-11T19:31:30-07:00,0,0
style.css,43,css,e2981d72,Sardor Sobirov,2025-04-11,19:31:30,-07:00,2025-04-11T19:31:30-07:00,0,0
style.css,44,css,e2981d72,Sardor Sobirov,2025-04-11,19:31:30,-07:00,2025-04-11T19:31:30-07:00,0,6
style.css,45,css,e2981d72,Sardor Sobirov,2025-04-11,19:31:30,-07:00,2025-04-11T19:31:30-07:00,0,7
style.css,46,css,e2981d72,Sardor Sobirov,2025-04-11,19:31:30,-07:00,2025-04-11T19:31:30-07:00,0,21
style.css,47,css,e2981d72,Sardor Sobirov,2025-04-11,19:31:30,-07:00,2025-04-11T19:31:30-07:00,0,14
style.css,48,css,e2981d72,Sardor Sobirov,2025-04-11,19:31:30,-07:00,2025-04-11T19:31:30-07:00,0,18
style.css,49,css,e2981d72,Sardor Sobirov,2025-04-11,19:31:30,-07:00,2025-04-11T19:31:30-07:00,0,14
style.css,50,css,e2981d72,Sardor Sobirov,2025-04-11,19:31:30,-07:00,2025-04-11T19:31:30-07:00,0,0
style.css,51,css,e2981d72,Sardor Sobirov,2025-04-11,19:31:30,-07:00,2025-04-11T19:31:30-07:00,0,0
style.css,52,css,e2981d72,Sardor Sobirov,2025-04-11,19:31:30,-07:00,2025-04-11T19:31:30-07:00,0,14
style.css,53,css,fac0f502,Sardor Sobirov,2025-04-18,12:48:43,-07:00,2025-04-18T12:48:43-07:00,0,46
style.css,54,css,e2981d72,Sardor Sobirov,2025-04-11,19:31:30,-07:00,2025-04-11T19:31:30-07:00,0,21
style.css,55,css,e2981d72,Sardor Sobirov,2025-04-11,19:31:30,-07:00,2025-04-11T19:31:30-07:00,0,0
style.css,56,css,e2981d72,Sardor Sobirov,2025-04-11,19:31:30,-07:00,2025-04-11T19:31:30-07:00,0,0
style.css,57,css,e2981d72,Sardor Sobirov,2025-04-11,19:31:30,-07:00,2025-04-11T19:31:30-07:00,0,12
style.css,58,css,e2981d72,Sardor Sobirov,2025-04-11,19:31:30,-07:00,2025-04-11T19:31:30-07:00,0,46
style.css,59,css,fac0f502,Sardor Sobirov,2025-04-18,12:48:43,-07:00,2025-04-18T12:48:43-07:00,0,70
style.css,60,css,e2981d72,Sardor Sobirov,2025-04-11,19:31:30,-07:00,2025-04-11T19:31:30-07:00,0,21
style.css,61,css,e2981d72,Sardor Sobirov,2025-04-11,19:31:30,-07:00,2025-04-11T19:31:30-07:00,0,0
style.css,62,css,5eaf1ab9,Sardor Sobirov,2025-04-04,21:48:34,-07:00,2025-04-04T21:48:34-07:00,0,0
style.css,63,css,e2981d72,Sardor Sobirov,2025-04-11,19:31:30,-07:00,2025-04-11T19:31:30-07:00,0,4
style.css,64,css,243ee737,Sardor Sobirov,2025-04-04,22:00:23,-07:00,2025-04-04T22:00:23-07:00,0,15
style.css,65,css,243ee737,Sardor Sobirov,2025-04-04,22:00:23,-07:00,2025-04-04T22:00:23-07:00,0,12
style.css,66,css,e2981d72,Sardor Sobirov,2025-04-11,19:31:30,-07:00,2025-04-11T19:31:30-07:00,0,0
style.css,67,css,e2981d72,Sardor Sobirov,2025-04-11,19:31:30,-07:00,2025-04-11T19:31:30-07:00,0,0
style.css,68,css,e2981d72,Sardor Sobirov,2025-04-11,19:31:30,-07:00,2025-04-11T19:31:30-07:00,0,18
style.css,69,css,e2981d72,Sardor Sobirov,2025-04-11,19:31:30,-07:00,2025-04-11T19:31:30-07:00,0,10
style.css,70,css,e2981d72,Sardor Sobirov,2025-04-11,19:31:30,-07:00,2025-04-11T19:31:30-07:00,0,13
style.css,71,css,e2981d72,Sardor Sobirov,2025-04-11,19:31:30,-07:00,2025-04-11T19:31:30-07:00,0,59
style.css,72,css,e2981d72,Sardor Sobirov,2025-04-11,19:31:30,-07:00,2025-04-11T19:31:30-07:00,0,8
style.css,73,css,e2981d72,Sardor Sobirov,2025-04-11,19:31:30,-07:00,2025-04-11T19:31:30-07:00,0,0
style.css,74,css,e2981d72,Sardor Sobirov,2025-04-11,19:31:30,-07:00,2025-04-11T19:31:30-07:00,0,0
style.css,75,css,e2981d72,Sardor Sobirov,2025-04-11,19:31:30,-07:00,2025-04-11T19:31:30-07:00,0,18
style.css,76,css,e2981d72,Sardor Sobirov,2025-04-11,19:31:30,-07:00,2025-04-11T19:31:30-07:00,0,13
style.css,77,css,e2981d72,Sardor Sobirov,2025-04-11,19:31:30,-07:00,2025-04-11T19:31:30-07:00,0,27
style.css,78,css,e2981d72,Sardor Sobirov,2025-04-11,19:31:30,-07:00,2025-04-11T19:31:30-07:00,0,16
style.css,79,css,179c6e91,Sardor Sobirov,2025-04-30,15:26:24,-07:00,2025-04-30T15:26:24-07:00,0,43
style.css,80,css,179c6e91,Sardor Sobirov,2025-04-30,15:26:24,-07:00,2025-04-30T15:26:24-07:00,0,0
style.css,81,css,179c6e91,Sardor Sobirov,2025-04-30,15:26:24,-07:00,2025-04-30T15:26:24-07:00,0,0
style.css,82,css,179c6e91,Sardor Sobirov,2025-04-30,15:26:24,-07:00,2025-04-30T15:26:24-07:00,0,24
style.css,83,css,179c6e91,Sardor Sobirov,2025-04-30,15:26:24,-07:00,2025-04-30T15:26:24-07:00,0,22
style.css,84,css,179c6e91,Sardor Sobirov,2025-04-30,15:26:24,-07:00,2025-04-30T15:26:24-07:00,0,41
style.css,85,css,179c6e91,Sardor Sobirov,2025-04-30,15:26:24,-07:00,2025-04-30T15:26:24-07:00,0,0
style.css,86,css,179c6e91,Sardor Sobirov,2025-04-30,15:26:24,-07:00,2025-04-30T15:26:24-07:00,0,0
style.css,87,css,179c6e91,Sardor Sobirov,2025-04-30,15:26:24,-07:00,2025-04-30T15:26:24-07:00,0,14
style.css,88,css,179c6e91,Sardor Sobirov,2025-04-30,15:26:24,-07:00,2025-04-30T15:26:24-07:00,0,21
style.css,89,css,179c6e91,Sardor Sobirov,2025-04-30,15:26:24,-07:00,2025-04-30T15:26:24-07:00,0,14
style.css,90,css,179c6e91,Sardor Sobirov,2025-04-30,15:26:24,-07:00,2025-04-30T15:26:24-07:00,0,14
style.css,91,css,179c6e91,Sardor Sobirov,2025-04-30,15:26:24,-07:00,2025-04-30T15:26:24-07:00,0,0
style.css,92,css,179c6e91,Sardor Sobirov,2025-04-30,15:26:24,-07:00,2025-04-30T15:26:24-07:00,0,0
style.css,93,css,179c6e91,Sardor Sobirov,2025-04-30,15:26:24,-07:00,2025-04-30T15:26:24-07:00,0,23
style.css,94,css,179c6e91,Sardor Sobirov,2025-04-30,15:26:24,-07:00,2025-04-30T15:26:24-07:00,0,26
style.css,95,css,e2981d72,Sardor Sobirov,2025-04-11,19:31:30,-07:00,2025-04-11T19:31:30-07:00,0,0
style.css,96,css,e2981d72,Sardor Sobirov,2025-04-11,19:31:30,-07:00,2025-04-11T19:31:30-07:00,0,0
style.css,97,css,e2981d72,Sardor Sobirov,2025-04-11,19:31:30,-07:00,2025-04-11T19:31:30-07:00,0,13
style.css,98,css,e2981d72,Sardor Sobirov,2025-04-11,19:31:30,-07:00,2025-04-11T19:31:30-07:00,0,9
style.css,99,css,e2981d72,Sardor Sobirov,2025-04-11,19:31:30,-07:00,2025-04-11T19:31:30-07:00,0,16
style.css,100,css,e2981d72,Sardor Sobirov,2025-04-11,19:31:30,-07:00,2025-04-11T19:31:30-07:00,0,0
style.css,101,css,e2981d72,Sardor Sobirov,2025-04-11,19:31:30,-07:00,2025-04-11T19:31:30-07:00,0,0
style.css,102,css,869b9b97,Sardor Sobirov,2025-05-02,19:18:28,-07:00,2025-05-02T19:18:28-07:00,0,16
style.css,103,css,869b9b97,Sardor Sobirov,2025-05-02,19:18:28,-07:00,2025-05-02T19:18:28-07:00,0,19
style.css,104,css,869b9b97,Sardor Sobirov,2025-05-02,19:18:28,-07:00,2025-05-02T19:18:28-07:00,0,17
style.css,105,css,869b9b97,Sardor Sobirov,2025-05-02,19:18:28,-07:00,2025-05-02T19:18:28-07:00,0,16
style.css,106,css,869b9b97,Sardor Sobirov,2025-05-02,19:18:28,-07:00,2025-05-02T19:18:28-07:00,0,0
style.css,107,css,869b9b97,Sardor Sobirov,2025-05-02,19:18:28,-07:00,2025-05-02T19:18:28-07:00,0,0
style.css,108,css,e2981d72,Sardor Sobirov,2025-04-11,19:31:30,-07:00,2025-04-11T19:31:30-07:00,0,17
style.css,109,css,e2981d72,Sardor Sobirov,2025-04-11,19:31:30,-07:00,2025-04-11T19:31:30-07:00,0,5
style.css,110,css,e2981d72,Sardor Sobirov,2025-04-11,19:31:30,-07:00,2025-04-11T19:31:30-07:00,0,13
style.css,111,css,e2981d72,Sardor Sobirov,2025-04-11,19:31:30,-07:00,2025-04-11T19:31:30-07:00,0,31
style.css,112,css,e2981d72,Sardor Sobirov,2025-04-11,19:31:30,-07:00,2025-04-11T19:31:30-07:00,0,8
style.css,113,css,e2981d72,Sardor Sobirov,2025-04-11,19:31:30,-07:00,2025-04-11T19:31:30-07:00,0,0
style.css,114,css,e2981d72,Sardor Sobirov,2025-04-11,19:31:30,-07:00,2025-04-11T19:31:30-07:00,0,0
style.css,115,css,e2981d72,Sardor Sobirov,2025-04-11,19:31:30,-07:00,2025-04-11T19:31:30-07:00,0,11
style.css,116,css,e2981d72,Sardor Sobirov,2025-04-11,19:31:30,-07:00,2025-04-11T19:31:30-07:00,0,13
style.css,117,css,e2981d72,Sardor Sobirov,2025-04-11,19:31:30,-07:00,2025-04-11T19:31:30-07:00,0,30
style.css,118,css,e2981d72,Sardor Sobirov,2025-04-11,19:31:30,-07:00,2025-04-11T19:31:30-07:00,0,19
style.css,119,css,e2981d72,Sardor Sobirov,2025-04-11,19:31:30,-07:00,2025-04-11T19:31:30-07:00,0,19
style.css,120,css,e2981d72,Sardor Sobirov,2025-04-11,19:31:30,-07:00,2025-04-11T19:31:30-07:00,0,0
style.css,121,css,e2981d72,Sardor Sobirov,2025-04-11,19:31:30,-07:00,2025-04-11T19:31:30-07:00,0,0
style.css,122,css,e2981d72,Sardor Sobirov,2025-04-11,19:31:30,-07:00,2025-04-11T19:31:30-07:00,0,10
style.css,123,css,e2981d72,Sardor Sobirov,2025-04-11,19:31:30,-07:00,2025-04-11T19:31:30-07:00,0,13
style.css,124,css,e2981d72,Sardor Sobirov,2025-04-11,19:31:30,-07:00,2025-04-11T19:31:30-07:00,0,12
style.css,125,css,e2981d72,Sardor Sobirov,2025-04-11,19:31:30,-07:00,2025-04-11T19:31:30-07:00,0,13
style.css,126,css,e2981d72,Sardor Sobirov,2025-04-11,19:31:30,-07:00,2025-04-11T19:31:30-07:00,0,11
style.css,127,css,e2981d72,Sardor Sobirov,2025-04-11,19:31:30,-07:00,2025-04-11T19:31:30-07:00,0,22
style.css,128,css,e2981d72,Sardor Sobirov,2025-04-11,19:31:30,-07:00,2025-04-11T19:31:30-07:00,0,14
style.css,129,css,e2981d72,Sardor Sobirov,2025-04-11,19:31:30,-07:00,2025-04-11T19:31:30-07:00,0,0
style.css,130,css,e2981d72,Sardor Sobirov,2025-04-11,19:31:30,-07:00,2025-04-11T19:31:30-07:00,0,0
style.css,131,css,e2981d72,Sardor Sobirov,2025-04-11,19:31:30,-07:00,2025-04-11T19:31:30-07:00,0,12
style.css,132,css,e2981d72,Sardor Sobirov,2025-04-11,19:31:30,-07:00,2025-04-11T19:31:30-07:00,0,19
style.css,133,css,e2981d72,Sardor Sobirov,2025-04-11,19:31:30,-07:00,2025-04-11T19:31:30-07:00,0,37
style.css,134,css,e2981d72,Sardor Sobirov,2025-04-11,19:31:30,-07:00,2025-04-11T19:31:30-07:00,0,12
style.css,135,css,e2981d72,Sardor Sobirov,2025-04-11,19:31:30,-07:00,2025-04-11T19:31:30-07:00,0,12
style.css,136,css,e2981d72,Sardor Sobirov,2025-04-11,19:31:30,-07:00,2025-04-11T19:31:30-07:00,0,21
style.css,137,css,e2981d72,Sardor Sobirov,2025-04-11,19:31:30,-07:00,2025-04-11T19:31:30-07:00,0,15
style.css,138,css,e2981d72,Sardor Sobirov,2025-04-11,19:31:30,-07:00,2025-04-11T19:31:30-07:00,0,21
style.css,139,css,e2981d72,Sardor Sobirov,2025-04-11,19:31:30,-07:00,2025-04-11T19:31:30-07:00,0,17
style.css,140,css,e2981d72,Sardor Sobirov,2025-04-11,19:31:30,-07:00,2025-04-11T19:31:30-07:00,0,0
style.css,141,css,e2981d72,Sardor Sobirov,2025-04-11,19:31:30,-07:00,2025-04-11T19:31:30-07:00,0,0
style.css,142,css,e2981d72,Sardor Sobirov,2025-04-11,19:31:30,-07:00,2025-04-11T19:31:30-07:00,0,18
style.css,143,css,e2981d72,Sardor Sobirov,2025-04-11,19:31:30,-07:00,2025-04-11T19:31:30-07:00,0,12
style.css,144,css,fac0f502,Sardor Sobirov,2025-04-18,12:48:43,-07:00,2025-04-18T12:48:43-07:00,0,0
style.css,145,css,fac0f502,Sardor Sobirov,2025-04-18,12:48:43,-07:00,2025-04-18T12:48:43-07:00,0,0
style.css,146,css,fac0f502,Sardor Sobirov,2025-04-18,12:48:43,-07:00,2025-04-18T12:48:43-07:00,0,14
style.css,147,css,fac0f502,Sardor Sobirov,2025-04-18,12:48:43,-07:00,2025-04-18T12:48:43-07:00,0,18
style.css,148,css,fac0f502,Sardor Sobirov,2025-04-18,12:48:43,-07:00,2025-04-18T12:48:43-07:00,0,9
style.css,149,css,fac0f502,Sardor Sobirov,2025-04-18,12:48:43,-07:00,2025-04-18T12:48:43-07:00,0,11
style.css,150,css,fac0f502,Sardor Sobirov,2025-04-18,12:48:43,-07:00,2025-04-18T12:48:43-07:00,0,14
style.css,151,css,fac0f502,Sardor Sobirov,2025-04-18,12:48:43,-07:00,2025-04-18T12:48:43-07:00,0,20
style.css,152,css,c72b87b4,Sardor Sobirov,2025-04-26,20:11:41,-07:00,2025-04-26T20:11:41-07:00,0,0
style.css,153,css,c72b87b4,Sardor Sobirov,2025-04-26,20:11:41,-07:00,2025-04-26T20:11:41-07:00,0,0
style.css,154,css,c72b87b4,Sardor Sobirov,2025-04-26,20:11:41,-07:00,2025-04-26T20:11:41-07:00,0,14
style.css,155,css,c72b87b4,Sardor Sobirov,2025-04-26,20:11:41,-07:00,2025-04-26T20:11:41-07:00,0,13
style.css,156,css,c72b87b4,Sardor Sobirov,2025-04-26,20:11:41,-07:00,2025-04-26T20:11:41-07:00,0,30
style.css,157,css,c72b87b4,Sardor Sobirov,2025-04-26,20:11:41,-07:00,2025-04-26T20:11:41-07:00,0,16
style.css,158,css,c72b87b4,Sardor Sobirov,2025-04-26,20:11:41,-07:00,2025-04-26T20:11:41-07:00,0,18
style.css,159,css,c72b87b4,Sardor Sobirov,2025-04-26,20:11:41,-07:00,2025-04-26T20:11:41-07:00,0,0
style.css,160,css,c72b87b4,Sardor Sobirov,2025-04-26,20:11:41,-07:00,2025-04-26T20:11:41-07:00,0,0
style.css,161,css,c72b87b4,Sardor Sobirov,2025-04-26,20:11:41,-07:00,2025-04-26T20:11:41-07:00,0,18
style.css,162,css,c72b87b4,Sardor Sobirov,2025-04-26,20:11:41,-07:00,2025-04-26T20:11:41-07:00,0,7
style.css,163,css,c72b87b4,Sardor Sobirov,2025-04-26,20:11:41,-07:00,2025-04-26T20:11:41-07:00,0,0
style.css,164,css,c72b87b4,Sardor Sobirov,2025-04-26,20:11:41,-07:00,2025-04-26T20:11:41-07:00,0,0
style.css,165,css,c72b87b4,Sardor Sobirov,2025-04-26,20:11:41,-07:00,2025-04-26T20:11:41-07:00,0,17
style.css,166,css,c72b87b4,Sardor Sobirov,2025-04-26,20:11:41,-07:00,2025-04-26T20:11:41-07:00,0,15
style.css,167,css,c72b87b4,Sardor Sobirov,2025-04-26,20:11:41,-07:00,2025-04-26T20:11:41-07:00,0,21
style.css,168,css,c72b87b4,Sardor Sobirov,2025-04-26,20:11:41,-07:00,2025-04-26T20:11:41-07:00,0,0
style.css,169,css,c72b87b4,Sardor Sobirov,2025-04-26,20:11:41,-07:00,2025-04-26T20:11:41-07:00,0,0
style.css,170,css,c72b87b4,Sardor Sobirov,2025-04-26,20:11:41,-07:00,2025-04-26T20:11:41-07:00,0,16
style.css,171,css,c72b87b4,Sardor Sobirov,2025-04-26,20:11:41,-07:00,2025-04-26T20:11:41-07:00,0,15
style.css,172,css,c72b87b4,Sardor Sobirov,2025-04-26,20:11:41,-07:00,2025-04-26T20:11:41-07:00,0,17
style.css,173,css,c72b87b4,Sardor Sobirov,2025-04-26,20:11:41,-07:00,2025-04-26T20:11:41-07:00,0,9
style.css,174,css,52198971,Sardor Sobirov,2025-05-02,17:18:45,-07:00,2025-05-02T17:18:45-07:00,0,0
style.css,175,css,52198971,Sardor Sobirov,2025-05-02,17:18:45,-07:00,2025-05-02T17:18:45-07:00,0,0
style.css,176,css,52198971,Sardor Sobirov,2025-05-02,17:18:45,-07:00,2025-05-02T17:18:45-07:00,0,33
style.css,177,css,52198971,Sardor Sobirov,2025-05-02,17:18:45,-07:00,2025-05-02T17:18:45-07:00,0,11
style.css,178,css,52198971,Sardor Sobirov,2025-05-02,17:18:45,-07:00,2025-05-02T17:18:45-07:00,0,13
style.css,179,css,f72de823,Sardor Sobirov,2025-05-03,06:52:00,-07:00,2025-05-03T06:52:00-07:00,0,11
style.css,180,css,f72de823,Sardor Sobirov,2025-05-03,06:52:00,-07:00,2025-05-03T06:52:00-07:00,0,19
style.css,181,css,f72de823,Sardor Sobirov,2025-05-03,06:52:00,-07:00,2025-05-03T06:52:00-07:00,0,27
style.css,182,css,edf46517,Sardor Sobirov,2025-05-02,20:46:10,-07:00,2025-05-02T20:46:10-07:00,0,16
style.css,183,css,f72de823,Sardor Sobirov,2025-05-03,06:52:00,-07:00,2025-05-03T06:52:00-07:00,0,17
style.css,184,css,52198971,Sardor Sobirov,2025-05-02,17:18:45,-07:00,2025-05-02T17:18:45-07:00,0,0
style.css,185,css,52198971,Sardor Sobirov,2025-05-02,17:18:45,-07:00,2025-05-02T17:18:45-07:00,0,0
style.css,186,css,52198971,Sardor Sobirov,2025-05-02,17:18:45,-07:00,2025-05-02T17:18:45-07:00,0,4
style.css,187,css,52198971,Sardor Sobirov,2025-05-02,17:18:45,-07:00,2025-05-02T17:18:45-07:00,0,14
style.css,188,css,f72de823,Sardor Sobirov,2025-05-03,06:52:00,-07:00,2025-05-03T06:52:00-07:00,0,32
style.css,189,css,f72de823,Sardor Sobirov,2025-05-03,06:52:00,-07:00,2025-05-03T06:52:00-07:00,0,33
style.css,190,css,52198971,Sardor Sobirov,2025-05-02,17:18:45,-07:00,2025-05-02T17:18:45-07:00,0,0
style.css,191,css,52198971,Sardor Sobirov,2025-05-02,17:18:45,-07:00,2025-05-02T17:18:45-07:00,0,0
style.css,192,css,52198971,Sardor Sobirov,2025-05-02,17:18:45,-07:00,2025-05-02T17:18:45-07:00,0,8
style.css,193,css,f72de823,Sardor Sobirov,2025-05-03,06:52:00,-07:00,2025-05-03T06:52:00-07:00,0,13
style.css,194,css,f72de823,Sardor Sobirov,2025-05-03,06:52:00,-07:00,2025-05-03T06:52:00-07:00,0,58
style.css,195,css,f72de823,Sardor Sobirov,2025-05-03,06:52:00,-07:00,2025-05-03T06:52:00-07:00,0,11
style.css,196,css,f72de823,Sardor Sobirov,2025-05-03,06:52:00,-07:00,2025-05-03T06:52:00-07:00,0,28
style.css,197,css,f72de823,Sardor Sobirov,2025-05-03,06:52:00,-07:00,2025-05-03T06:52:00-07:00,0,37
style.css,198,css,66fa9d9e,Sardor Sobirov,2025-05-02,20:32:39,-07:00,2025-05-02T20:32:39-07:00,0,20
style.css,199,css,f72de823,Sardor Sobirov,2025-05-03,06:52:00,-07:00,2025-05-03T06:52:00-07:00,0,12
style.css,200,css,f72de823,Sardor Sobirov,2025-05-03,06:52:00,-07:00,2025-05-03T06:52:00-07:00,0,9
style.css,201,css,52198971,Sardor Sobirov,2025-05-02,17:18:45,-07:00,2025-05-02T17:18:45-07:00,0,16
style.css,202,css,f72de823,Sardor Sobirov,2025-05-03,06:52:00,-07:00,2025-05-03T06:52:00-07:00,0,7
style.css,203,css,f72de823,Sardor Sobirov,2025-05-03,06:52:00,-07:00,2025-05-03T06:52:00-07:00,0,22
style.css,204,css,52198971,Sardor Sobirov,2025-05-02,17:18:45,-07:00,2025-05-02T17:18:45-07:00,0,0
style.css,205,css,52198971,Sardor Sobirov,2025-05-02,17:18:45,-07:00,2025-05-02T17:18:45-07:00,0,0
style.css,206,css,52198971,Sardor Sobirov,2025-05-02,17:18:45,-07:00,2025-05-02T17:18:45-07:00,0,11
style.css,207,css,52198971,Sardor Sobirov,2025-05-02,17:18:45,-07:00,2025-05-02T17:18:45-07:00,0,13
style.css,208,css,52198971,Sardor Sobirov,2025-05-02,17:18:45,-07:00,2025-05-02T17:18:45-07:00,0,19
style.css,209,css,f72de823,Sardor Sobirov,2025-05-03,06:52:00,-07:00,2025-05-03T06:52:00-07:00,0,11
style.css,210,css,66fa9d9e,Sardor Sobirov,2025-05-02,20:32:39,-07:00,2025-05-02T20:32:39-07:00,0,14
style.css,211,css,66fa9d9e,Sardor Sobirov,2025-05-02,20:32:39,-07:00,2025-05-02T20:32:39-07:00,0,16
style.css,212,css,66fa9d9e,Sardor Sobirov,2025-05-02,20:32:39,-07:00,2025-05-02T20:32:39-07:00,0,20
style.css,213,css,66fa9d9e,Sardor Sobirov,2025-05-02,20:32:39,-07:00,2025-05-02T20:32:39-07:00,0,20
style.css,214,css,66fa9d9e,Sardor Sobirov,2025-05-02,20:32:39,-07:00,2025-05-02T20:32:39-07:00,0,16
style.css,215,css,66fa9d9e,Sardor Sobirov,2025-05-02,20:32:39,-07:00,2025-05-02T20:32:39-07:00,0,12
style.css,216,css,66fa9d9e,Sardor Sobirov,2025-05-02,20:32:39,-07:00,2025-05-02T20:32:39-07:00,0,15
style.css,217,css,66fa9d9e,Sardor Sobirov,2025-05-02,20:32:39,-07:00,2025-05-02T20:32:39-07:00,0,18
style.css,218,css,f72de823,Sardor Sobirov,2025-05-03,06:52:00,-07:00,2025-05-03T06:52:00-07:00,0,38
style.css,219,css,f72de823,Sardor Sobirov,2025-05-03,06:52:00,-07:00,2025-05-03T06:52:00-07:00,0,0
style.css,220,css,f72de823,Sardor Sobirov,2025-05-03,06:52:00,-07:00,2025-05-03T06:52:00-07:00,0,0
style.css,221,css,f72de823,Sardor Sobirov,2025-05-03,06:52:00,-07:00,2025-05-03T06:52:00-07:00,0,17
style.css,222,css,f72de823,Sardor Sobirov,2025-05-03,06:52:00,-07:00,2025-05-03T06:52:00-07:00,0,70
style.css,223,css,52198971,Sardor Sobirov,2025-05-02,17:18:45,-07:00,2025-05-02T17:18:45-07:00,0,0
style.css,224,css,52198971,Sardor Sobirov,2025-05-02,17:18:45,-07:00,2025-05-02T17:18:45-07:00,0,0
style.css,225,css,f72de823,Sardor Sobirov,2025-05-03,06:52:00,-07:00,2025-05-03T06:52:00-07:00,0,19
style.css,226,css,66fa9d9e,Sardor Sobirov,2025-05-02,20:32:39,-07:00,2025-05-02T20:32:39-07:00,0,21
style.css,227,css,66fa9d9e,Sardor Sobirov,2025-05-02,20:32:39,-07:00,2025-05-02T20:32:39-07:00,0,10
style.css,228,css,66fa9d9e,Sardor Sobirov,2025-05-02,20:32:39,-07:00,2025-05-02T20:32:39-07:00,0,11
style.css,229,css,52198971,Sardor Sobirov,2025-05-02,17:18:45,-07:00,2025-05-02T17:18:45-07:00,0,18
style.css,230,css,66fa9d9e,Sardor Sobirov,2025-05-02,20:32:39,-07:00,2025-05-02T20:32:39-07:00,0,30
style.css,231,css,f72de823,Sardor Sobirov,2025-05-03,06:52:00,-07:00,2025-05-03T06:52:00-07:00,0,37
style.css,232,css,f72de823,Sardor Sobirov,2025-05-03,06:52:00,-07:00,2025-05-03T06:52:00-07:00,0,14
style.css,233,css,52198971,Sardor Sobirov,2025-05-02,17:18:45,-07:00,2025-05-02T17:18:45-07:00,0,0
style.css,234,css,52198971,Sardor Sobirov,2025-05-02,17:18:45,-07:00,2025-05-02T17:18:45-07:00,0,0
style.css,235,css,52198971,Sardor Sobirov,2025-05-02,17:18:45,-07:00,2025-05-02T17:18:45-07:00,0,20
style.css,236,css,52198971,Sardor Sobirov,2025-05-02,17:18:45,-07:00,2025-05-02T17:18:45-07:00,0,17
style.css,237,css,f72de823,Sardor Sobirov,2025-05-03,06:52:00,-07:00,2025-05-03T06:52:00-07:00,0,70
style.css,238,css,f72de823,Sardor Sobirov,2025-05-03,06:52:00,-07:00,2025-05-03T06:52:00-07:00,0,0
style.css,239,css,f72de823,Sardor Sobirov,2025-05-03,06:52:00,-07:00,2025-05-03T06:52:00-07:00,0,0
style.css,240,css,f72de823,Sardor Sobirov,2025-05-03,06:52:00,-07:00,2025-05-03T06:52:00-07:00,0,28
style.css,241,css,f72de823,Sardor Sobirov,2025-05-03,06:52:00,-07:00,2025-05-03T06:52:00-07:00,0,33
style.css,242,css,f72de823,Sardor Sobirov,2025-05-03,06:52:00,-07:00,2025-05-03T06:52:00-07:00,0,17
style.css,243,css,52198971,Sardor Sobirov,2025-05-02,17:18:45,-07:00,2025-05-02T17:18:45-07:00,0,0
style.css,244,css,52198971,Sardor Sobirov,2025-05-02,17:18:45,-07:00,2025-05-02T17:18:45-07:00,0,0
style.css,245,css,52198971,Sardor Sobirov,2025-05-02,17:18:45,-07:00,2025-05-02T17:18:45-07:00,0,11
style.css,246,css,52198971,Sardor Sobirov,2025-05-02,17:18:45,-07:00,2025-05-02T17:18:45-07:00,0,11
style.css,247,css,52198971,Sardor Sobirov,2025-05-02,17:18:45,-07:00,2025-05-02T17:18:45-07:00,0,15
style.css,248,css,52198971,Sardor Sobirov,2025-05-02,17:18:45,-07:00,2025-05-02T17:18:45-07:00,0,19
style.css,249,css,52198971,Sardor Sobirov,2025-05-02,17:18:45,-07:00,2025-05-02T17:18:45-07:00,0,15
style.css,250,css,52198971,Sardor Sobirov,2025-05-02,17:18:45,-07:00,2025-05-02T17:18:45-07:00,0,37
style.css,251,css,52198971,Sardor Sobirov,2025-05-02,17:18:45,-07:00,2025-05-02T17:18:45-07:00,0,22
style.css,252,css,869b9b97,Sardor Sobirov,2025-05-02,19:18:28,-07:00,2025-05-02T19:18:28-07:00,0,40
style.css,253,css,c1b0aceb,Sardor Sobirov,2025-05-10,14:51:07,-07:00,2025-05-10T14:51:07-07:00,0,0
style.css,254,css,c1b0aceb,Sardor Sobirov,2025-05-10,14:51:07,-07:00,2025-05-10T14:51:07-07:00,0,0
style.css,255,css,c1b0aceb,Sardor Sobirov,2025-05-10,14:51:07,-07:00,2025-05-10T14:51:07-07:00,0,7
style.css,256,css,c1b0aceb,Sardor Sobirov,2025-05-10,14:51:07,-07:00,2025-05-10T14:51:07-07:00,0,13
style.css,257,css,c1b0aceb,Sardor Sobirov,2025-05-10,14:51:07,-07:00,2025-05-10T14:51:07-07:00,0,31
style.css,258,css,c1b0aceb,Sardor Sobirov,2025-05-10,14:51:07,-07:00,2025-05-10T14:51:07-07:00,0,11
style.css,259,css,c1b0aceb,Sardor Sobirov,2025-05-10,14:51:07,-07:00,2025-05-10T14:51:07-07:00,0,14
style.css,260,css,c1b0aceb,Sardor Sobirov,2025-05-10,14:51:07,-07:00,2025-05-10T14:51:07-07:00,0,0
style.css,261,css,c1b0aceb,Sardor Sobirov,2025-05-10,14:51:07,-07:00,2025-05-10T14:51:07-07:00,0,0
style.css,262,css,c1b0aceb,Sardor Sobirov,2025-05-10,14:51:07,-07:00,2025-05-10T14:51:07-07:00,0,9
style.css,263,css,c1b0aceb,Sardor Sobirov,2025-05-10,14:51:07,-07:00,2025-05-10T14:51:07-07:00,0,15
style.css,264,css,c1b0aceb,Sardor Sobirov,2025-05-10,14:51:07,-07:00,2025-05-10T14:51:07-07:00,0,8
style.css,265,css,c1b0aceb,Sardor Sobirov,2025-05-10,14:51:07,-07:00,2025-05-10T14:51:07-07:00,0,9
style.css,266,css,c1b0aceb,Sardor Sobirov,2025-05-10,14:51:07,-07:00,2025-05-10T14:51:07-07:00,0,42
style.css,267,css,c1b0aceb,Sardor Sobirov,2025-05-10,14:51:07,-07:00,2025-05-10T14:51:07-07:00,0,40
style.css,268,css,c1b0aceb,Sardor Sobirov,2025-05-10,14:51:07,-07:00,2025-05-10T14:51:07-07:00,0,20
style.css,269,css,c1b0aceb,Sardor Sobirov,2025-05-10,14:51:07,-07:00,2025-05-10T14:51:07-07:00,0,12
style.css,270,css,c1b0aceb,Sardor Sobirov,2025-05-10,14:51:07,-07:00,2025-05-10T14:51:07-07:00,0,11
style.css,271,css,c1b0aceb,Sardor Sobirov,2025-05-10,14:51:07,-07:00,2025-05-10T14:51:07-07:00,0,51
style.css,272,css,c1b0aceb,Sardor Sobirov,2025-05-10,14:51:07,-07:00,2025-05-10T14:51:07-07:00,0,0
style.css,273,css,c1b0aceb,Sardor Sobirov,2025-05-10,14:51:07,-07:00,2025-05-10T14:51:07-07:00,0,0
style.css,274,css,c1b0aceb,Sardor Sobirov,2025-05-10,14:51:07,-07:00,2025-05-10T14:51:07-07:00,0,17
style.css,275,css,c1b0aceb,Sardor Sobirov,2025-05-10,14:51:07,-07:00,2025-05-10T14:51:07-07:00,0,10
style.css,276,css,c1b0aceb,Sardor Sobirov,2025-05-10,14:51:07,-07:00,2025-05-10T14:51:07-07:00,0,18
style.css,277,css,c1b0aceb,Sardor Sobirov,2025-05-10,14:51:07,-07:00,2025-05-10T14:51:07-07:00,0,0
style.css,278,css,c1b0aceb,Sardor Sobirov,2025-05-10,14:51:07,-07:00,2025-05-10T14:51:07-07:00,0,0
style.css,279,css,c1b0aceb,Sardor Sobirov,2025-05-10,14:51:07,-07:00,2025-05-10T14:51:07-07:00,0,7
style.css,280,css,c1b0aceb,Sardor Sobirov,2025-05-10,14:51:07,-07:00,2025-05-10T14:51:07-07:00,0,47
style.css,281,css,c1b0aceb,Sardor Sobirov,2025-05-10,14:51:07,-07:00,2025-05-10T14:51:07-07:00,0,24
style.css,282,css,c1b0aceb,Sardor Sobirov,2025-05-10,14:51:07,-07:00,2025-05-10T14:51:07-07:00,0,0
style.css,283,css,c1b0aceb,Sardor Sobirov,2025-05-10,14:51:07,-07:00,2025-05-10T14:51:07-07:00,0,0
style.css,284,css,c1b0aceb,Sardor Sobirov,2025-05-10,14:51:07,-07:00,2025-05-10T14:51:07-07:00,0,13
style.css,285,css,c1b0aceb,Sardor Sobirov,2025-05-10,14:51:07,-07:00,2025-05-10T14:51:07-07:00,0,21
style.css,286,css,c1b0aceb,Sardor Sobirov,2025-05-10,14:51:07,-07:00,2025-05-10T14:51:07-07:00,0,15
style.css,287,css,e2981d72,Sardor Sobirov,2025-04-11,19:31:30,-07:00,2025-04-11T19:31:30-07:00,0,0
latest-projects.js,1,js,e3575f29,Sardor Sobirov,2025-04-30,17:30:35,-07:00,2025-04-30T17:30:35-07:00,0,56
latest-projects.js,2,js,e3575f29,Sardor Sobirov,2025-04-30,17:30:35,-07:00,2025-04-30T17:30:35-07:00,0,0
latest-projects.js,3,js,e3575f29,Sardor Sobirov,2025-04-30,17:30:35,-07:00,2025-04-30T17:30:35-07:00,0,4
latest-projects.js,4,js,e3575f29,Sardor Sobirov,2025-04-30,17:30:35,-07:00,2025-04-30T17:30:35-07:00,0,98
latest-projects.js,5,js,e3575f29,Sardor Sobirov,2025-04-30,17:30:35,-07:00,2025-04-30T17:30:35-07:00,0,43
latest-projects.js,6,js,e3575f29,Sardor Sobirov,2025-04-30,17:30:35,-07:00,2025-04-30T17:30:35-07:00,0,85
latest-projects.js,7,js,e3575f29,Sardor Sobirov,2025-04-30,17:30:35,-07:00,2025-04-30T17:30:35-07:00,0,74
latest-projects.js,8,js,e3575f29,Sardor Sobirov,2025-04-30,17:30:35,-07:00,2025-04-30T17:30:35-07:00,0,29
latest-projects.js,9,js,e3575f29,Sardor Sobirov,2025-04-30,17:30:35,-07:00,2025-04-30T17:30:35-07:00,0,61
latest-projects.js,10,js,e3575f29,Sardor Sobirov,2025-04-30,17:30:35,-07:00,2025-04-30T17:30:35-07:00,0,7
latest-projects.js,11,js,e3575f29,Sardor Sobirov,2025-04-30,17:30:35,-07:00,2025-04-30T17:30:35-07:00,0,53
latest-projects.js,12,js,e3575f29,Sardor Sobirov,2025-04-30,17:30:35,-07:00,2025-04-30T17:30:35-07:00,0,0
latest-projects.js,13,js,e3575f29,Sardor Sobirov,2025-04-30,17:30:35,-07:00,2025-04-30T17:30:35-07:00,0,7
latest-projects.js,14,js,e3575f29,Sardor Sobirov,2025-04-30,17:30:35,-07:00,2025-04-30T17:30:35-07:00,0,41
latest-projects.js,15,js,e3575f29,Sardor Sobirov,2025-04-30,17:30:35,-07:00,2025-04-30T17:30:35-07:00,0,0
latest-projects.js,16,js,e3575f29,Sardor Sobirov,2025-04-30,17:30:35,-07:00,2025-04-30T17:30:35-07:00,0,16
latest-projects.js,17,js,e3575f29,Sardor Sobirov,2025-04-30,17:30:35,-07:00,2025-04-30T17:30:35-07:00,0,54
latest-projects.js,18,js,e3575f29,Sardor Sobirov,2025-04-30,17:30:35,-07:00,2025-04-30T17:30:35-07:00,0,0
index.js,1,js,1a40ac34,Sardor Sobirov,2025-04-26,21:14:40,-07:00,2025-04-26T21:14:40-07:00,0,66
index.js,2,js,660bb518,Sardor Sobirov,2025-04-25,18:57:25,-07:00,2025-04-25T18:57:25-07:00,0,0
index.js,3,js,1a40ac34,Sardor Sobirov,2025-04-26,21:14:40,-07:00,2025-04-26T21:14:40-07:00,0,4
index.js,4,js,1a40ac34,Sardor Sobirov,2025-04-26,21:14:40,-07:00,2025-04-26T21:14:40-07:00,0,98
index.js,5,js,1a40ac34,Sardor Sobirov,2025-04-26,21:14:40,-07:00,2025-04-26T21:14:40-07:00,0,43
index.js,6,js,1a40ac34,Sardor Sobirov,2025-04-26,21:14:40,-07:00,2025-04-26T21:14:40-07:00,0,56
index.js,7,js,1a40ac34,Sardor Sobirov,2025-04-26,21:14:40,-07:00,2025-04-26T21:14:40-07:00,0,61
index.js,8,js,1a40ac34,Sardor Sobirov,2025-04-26,21:14:40,-07:00,2025-04-26T21:14:40-07:00,0,23
index.js,9,js,1a40ac34,Sardor Sobirov,2025-04-26,21:14:40,-07:00,2025-04-26T21:14:40-07:00,0,55
index.js,10,js,1a40ac34,Sardor Sobirov,2025-04-26,21:14:40,-07:00,2025-04-26T21:14:40-07:00,0,7
index.js,11,js,1a40ac34,Sardor Sobirov,2025-04-26,21:14:40,-07:00,2025-04-26T21:14:40-07:00,0,46
index.js,12,js,1a40ac34,Sardor Sobirov,2025-04-26,21:14:40,-07:00,2025-04-26T21:14:40-07:00,0,0
index.js,13,js,1a40ac34,Sardor Sobirov,2025-04-26,21:14:40,-07:00,2025-04-26T21:14:40-07:00,0,7
index.js,14,js,1a40ac34,Sardor Sobirov,2025-04-26,21:14:40,-07:00,2025-04-26T21:14:40-07:00,0,41
index.js,15,js,1a40ac34,Sardor Sobirov,2025-04-26,21:14:40,-07:00,2025-04-26T21:14:40-07:00,0,0
index.js,16,js,1a40ac34,Sardor Sobirov,2025-04-26,21:14:40,-07:00,2025-04-26T21:14:40-07:00,0,16
index.js,17,js,1a40ac34,Sardor Sobirov,2025-04-26,21:14:40,-07:00,2025-04-26T21:14:40-07:00,0,47
index.js,18,js,1ca1b164,Sardor Sobirov,2025-04-26,20:38:49,-07:00,2025-04-26T20:38:49-07:00,0,0
index.js,19,js,660bb518,Sardor Sobirov,2025-04-25,18:57:25,-07:00,2025-04-25T18:57:25-07:00,0,0
index.js,20,js,1a40ac34,Sardor Sobirov,2025-04-26,21:14:40,-07:00,2025-04-26T21:14:40-07:00,0,4
index.js,21,js,1a40ac34,Sardor Sobirov,2025-04-26,21:14:40,-07:00,2025-04-26T21:14:40-07:00,0,61
index.js,22,js,9c233a30,Sardor Sobirov,2025-04-26,20:50:47,-07:00,2025-04-26T20:50:47-07:00,0,18
index.js,23,js,9c233a30,Sardor Sobirov,2025-04-26,20:50:47,-07:00,2025-04-26T20:50:47-07:00,0,79
index.js,24,js,9c233a30,Sardor Sobirov,2025-04-26,20:50:47,-07:00,2025-04-26T20:50:47-07:00,0,16
index.js,25,js,9c233a30,Sardor Sobirov,2025-04-26,20:50:47,-07:00,2025-04-26T20:50:47-07:00,0,25
index.js,26,js,9c233a30,Sardor Sobirov,2025-04-26,20:50:47,-07:00,2025-04-26T20:50:47-07:00,0,23
index.js,27,js,9c233a30,Sardor Sobirov,2025-04-26,20:50:47,-07:00,2025-04-26T20:50:47-07:00,0,25
index.js,28,js,9c233a30,Sardor Sobirov,2025-04-26,20:50:47,-07:00,2025-04-26T20:50:47-07:00,0,4
index.js,29,js,9c233a30,Sardor Sobirov,2025-04-26,20:50:47,-07:00,2025-04-26T20:50:47-07:00,0,17
index.js,30,js,9c233a30,Sardor Sobirov,2025-04-26,20:50:47,-07:00,2025-04-26T20:50:47-07:00,0,29
index.js,31,js,9c233a30,Sardor Sobirov,2025-04-26,20:50:47,-07:00,2025-04-26T20:50:47-07:00,0,5
index.js,32,js,9c233a30,Sardor Sobirov,2025-04-26,20:50:47,-07:00,2025-04-26T20:50:47-07:00,0,4
index.js,33,js,9c233a30,Sardor Sobirov,2025-04-26,20:50:47,-07:00,2025-04-26T20:50:47-07:00,0,17
index.js,34,js,9c233a30,Sardor Sobirov,2025-04-26,20:50:47,-07:00,2025-04-26T20:50:47-07:00,0,29
index.js,35,js,9c233a30,Sardor Sobirov,2025-04-26,20:50:47,-07:00,2025-04-26T20:50:47-07:00,0,5
index.js,36,js,9c233a30,Sardor Sobirov,2025-04-26,20:50:47,-07:00,2025-04-26T20:50:47-07:00,0,4
index.js,37,js,9c233a30,Sardor Sobirov,2025-04-26,20:50:47,-07:00,2025-04-26T20:50:47-07:00,0,20
index.js,38,js,9c233a30,Sardor Sobirov,2025-04-26,20:50:47,-07:00,2025-04-26T20:50:47-07:00,0,32
index.js,39,js,9c233a30,Sardor Sobirov,2025-04-26,20:50:47,-07:00,2025-04-26T20:50:47-07:00,0,5
index.js,40,js,9c233a30,Sardor Sobirov,2025-04-26,20:50:47,-07:00,2025-04-26T20:50:47-07:00,0,4
index.js,41,js,9c233a30,Sardor Sobirov,2025-04-26,20:50:47,-07:00,2025-04-26T20:50:47-07:00,0,20
index.js,42,js,9c233a30,Sardor Sobirov,2025-04-26,20:50:47,-07:00,2025-04-26T20:50:47-07:00,0,32
index.js,43,js,9c233a30,Sardor Sobirov,2025-04-26,20:50:47,-07:00,2025-04-26T20:50:47-07:00,0,5
index.js,44,js,1ca1b164,Sardor Sobirov,2025-04-26,20:38:49,-07:00,2025-04-26T20:38:49-07:00,0,5
index.js,45,js,9c233a30,Sardor Sobirov,2025-04-26,20:50:47,-07:00,2025-04-26T20:50:47-07:00,0,1
index.js,46,js,1a40ac34,Sardor Sobirov,2025-04-26,21:14:40,-07:00,2025-04-26T21:14:40-07:00,0,7
index.js,47,js,1a40ac34,Sardor Sobirov,2025-04-26,21:14:40,-07:00,2025-04-26T21:14:40-07:00,0,86
index.js,48,js,1a40ac34,Sardor Sobirov,2025-04-26,21:14:40,-07:00,2025-04-26T21:14:40-07:00,0,45
index.js,49,js,1a40ac34,Sardor Sobirov,2025-04-26,21:14:40,-07:00,2025-04-26T21:14:40-07:00,0,0
index.js,50,js,1a40ac34,Sardor Sobirov,2025-04-26,21:14:40,-07:00,2025-04-26T21:14:40-07:00,0,7
index.js,51,js,1a40ac34,Sardor Sobirov,2025-04-26,21:14:40,-07:00,2025-04-26T21:14:40-07:00,0,51
index.js,52,js,1ca1b164,Sardor Sobirov,2025-04-26,20:38:49,-07:00,2025-04-26T20:38:49-07:00,0,0
index.js,53,js,1a40ac34,Sardor Sobirov,2025-04-26,21:14:40,-07:00,2025-04-26T21:14:40-07:00,0,16
index.js,54,js,1a40ac34,Sardor Sobirov,2025-04-26,21:14:40,-07:00,2025-04-26T21:14:40-07:00,0,51
index.js,55,js,660bb518,Sardor Sobirov,2025-04-25,18:57:25,-07:00,2025-04-25T18:57:25-07:00,0,0
index.html,1,html,a68777b8,Sardor Sobirov,2025-04-03,11:21:33,-07:00,2025-04-03T11:21:33-07:00,0,14
index.html,2,html,a68777b8,Sardor Sobirov,2025-04-03,11:21:33,-07:00,2025-04-03T11:21:33-07:00,0,15
index.html,3,html,a68777b8,Sardor Sobirov,2025-04-03,11:21:33,-07:00,2025-04-03T11:21:33-07:00,0,5
index.html,4,html,a68777b8,Sardor Sobirov,2025-04-03,11:21:33,-07:00,2025-04-03T11:21:33-07:00,0,21
index.html,5,html,a68777b8,Sardor Sobirov,2025-04-03,11:21:33,-07:00,2025-04-03T11:21:33-07:00,0,69
index.html,6,html,505ff47b,Sardor Sobirov,2025-04-04,20:04:11,-07:00,2025-04-04T20:04:11-07:00,0,48
index.html,7,html,0fd9e8b2,Sardor Sobirov,2025-04-18,13:09:13,-07:00,2025-04-18T13:09:13-07:00,0,80
index.html,8,html,0fd9e8b2,Sardor Sobirov,2025-04-18,13:09:13,-07:00,2025-04-18T13:09:13-07:00,0,87
index.html,9,html,660bb518,Sardor Sobirov,2025-04-25,18:57:25,-07:00,2025-04-25T18:57:25-07:00,0,51
index.html,10,html,a68777b8,Sardor Sobirov,2025-04-03,11:21:33,-07:00,2025-04-03T11:21:33-07:00,0,6
index.html,11,html,a68777b8,Sardor Sobirov,2025-04-03,11:21:33,-07:00,2025-04-03T11:21:33-07:00,0,5
index.html,12,html,a68777b8,Sardor Sobirov,2025-04-03,11:21:33,-07:00,2025-04-03T11:21:33-07:00,0,22
index.html,13,html,da391108,Sardor Sobirov,2025-04-03,11:52:00,-07:00,2025-04-03T11:52:00-07:00,0,43
index.html,14,html,38ab18d6,Sardor Sobirov,2025-04-03,11:53:48,-07:00,2025-04-03T11:53:48-07:00,0,51
index.html,15,html,75cfe658,Sardor Sobirov,2025-04-26,20:08:07,-07:00,2025-04-26T20:08:07-07:00,0,23
index.html,16,html,75cfe658,Sardor Sobirov,2025-04-26,20:08:07,-07:00,2025-04-26T20:08:07-07:00,0,54
index.html,17,html,75cfe658,Sardor Sobirov,2025-04-26,20:08:07,-07:00,2025-04-26T20:08:07-07:00,0,5
index.html,18,html,660bb518,Sardor Sobirov,2025-04-25,18:57:25,-07:00,2025-04-25T18:57:25-07:00,0,23
index.html,19,html,660bb518,Sardor Sobirov,2025-04-25,18:57:25,-07:00,2025-04-25T18:57:25-07:00,0,27
index.html,20,html,e3575f29,Sardor Sobirov,2025-04-30,17:30:35,-07:00,2025-04-30T17:30:35-07:00,0,28
index.html,21,html,e3575f29,Sardor Sobirov,2025-04-30,17:30:35,-07:00,2025-04-30T17:30:35-07:00,0,57
index.html,22,html,e3575f29,Sardor Sobirov,2025-04-30,17:30:35,-07:00,2025-04-30T17:30:35-07:00,0,5
index.html,23,html,c1b0aceb,Sardor Sobirov,2025-05-10,14:51:07,-07:00,2025-05-10T14:51:07-07:00,0,4
index.html,24,html,c1b0aceb,Sardor Sobirov,2025-05-10,14:51:07,-07:00,2025-05-10T14:51:07-07:00,0,3
index.html,25,html,c1b0aceb,Sardor Sobirov,2025-05-10,14:51:07,-07:00,2025-05-10T14:51:07-07:00,0,37
index.html,26,html,c1b0aceb,Sardor Sobirov,2025-05-10,14:51:07,-07:00,2025-05-10T14:51:07-07:00,0,38
index.html,27,html,c1b0aceb,Sardor Sobirov,2025-05-10,14:51:07,-07:00,2025-05-10T14:51:07-07:00,0,44
index.html,28,html,c1b0aceb,Sardor Sobirov,2025-05-10,14:51:07,-07:00,2025-05-10T14:51:07-07:00,0,42
index.html,29,html,c1b0aceb,Sardor Sobirov,2025-05-10,14:51:07,-07:00,2025-05-10T14:51:07-07:00,0,36
index.html,30,html,c1b0aceb,Sardor Sobirov,2025-05-10,14:51:07,-07:00,2025-05-10T14:51:07-07:00,0,4
index.html,31,html,c1b0aceb,Sardor Sobirov,2025-05-10,14:51:07,-07:00,2025-05-10T14:51:07-07:00,0,5
index.html,32,html,a68777b8,Sardor Sobirov,2025-04-03,11:21:33,-07:00,2025-04-03T11:21:33-07:00,0,6
index.html,33,html,a68777b8,Sardor Sobirov,2025-04-03,11:21:33,-07:00,2025-04-03T11:21:33-07:00,0,6
global.js,1,js,afd35bf6,Sardor Sobirov,2025-04-18,12:59:23,-07:00,2025-04-18T12:59:23-07:00,0,26
global.js,2,js,fac0f502,Sardor Sobirov,2025-04-18,12:48:43,-07:00,2025-04-18T12:48:43-07:00,0,0
global.js,3,js,9c233a30,Sardor Sobirov,2025-04-26,20:50:47,-07:00,2025-04-26T20:50:47-07:00,0,70
global.js,4,js,660bb518,Sardor Sobirov,2025-04-25,18:57:25,-07:00,2025-04-25T18:57:25-07:00,0,44
global.js,5,js,75cfe658,Sardor Sobirov,2025-04-26,20:08:07,-07:00,2025-04-26T20:08:07-07:00,0,30
global.js,6,js,fac0f502,Sardor Sobirov,2025-04-18,12:48:43,-07:00,2025-04-18T12:48:43-07:00,0,0
global.js,7,js,fac0f502,Sardor Sobirov,2025-04-18,12:48:43,-07:00,2025-04-18T12:48:43-07:00,0,12
global.js,8,js,fac0f502,Sardor Sobirov,2025-04-18,12:48:43,-07:00,2025-04-18T12:48:43-07:00,0,26
global.js,9,js,fac0f502,Sardor Sobirov,2025-04-18,12:48:43,-07:00,2025-04-18T12:48:43-07:00,0,39
global.js,10,js,fac0f502,Sardor Sobirov,2025-04-18,12:48:43,-07:00,2025-04-18T12:48:43-07:00,0,37
global.js,11,js,c1b0aceb,Sardor Sobirov,2025-05-10,14:51:07,-07:00,2025-05-10T14:51:07-07:00,0,31
global.js,12,js,fac0f502,Sardor Sobirov,2025-04-18,12:48:43,-07:00,2025-04-18T12:48:43-07:00,0,59
global.js,13,js,fac0f502,Sardor Sobirov,2025-04-18,12:48:43,-07:00,2025-04-18T12:48:43-07:00,0,112
global.js,14,js,fac0f502,Sardor Sobirov,2025-04-18,12:48:43,-07:00,2025-04-18T12:48:43-07:00,0,1
global.js,15,js,fac0f502,Sardor Sobirov,2025-04-18,12:48:43,-07:00,2025-04-18T12:48:43-07:00,0,0
global.js,16,js,fac0f502,Sardor Sobirov,2025-04-18,12:48:43,-07:00,2025-04-18T12:48:43-07:00,0,39
global.js,17,js,fac0f502,Sardor Sobirov,2025-04-18,12:48:43,-07:00,2025-04-18T12:48:43-07:00,0,26
global.js,18,js,fac0f502,Sardor Sobirov,2025-04-18,12:48:43,-07:00,2025-04-18T12:48:43-07:00,0,0
global.js,19,js,fac0f502,Sardor Sobirov,2025-04-18,12:48:43,-07:00,2025-04-18T12:48:43-07:00,0,21
global.js,20,js,d9b29694,Sardor Sobirov,2025-04-18,13:06:13,-07:00,2025-04-18T13:06:13-07:00,0,46
global.js,21,js,0fd9e8b2,Sardor Sobirov,2025-04-18,13:09:13,-07:00,2025-04-18T13:09:13-07:00,0,75
global.js,22,js,fac0f502,Sardor Sobirov,2025-04-18,12:48:43,-07:00,2025-04-18T12:48:43-07:00,0,35
global.js,23,js,fac0f502,Sardor Sobirov,2025-04-18,12:48:43,-07:00,2025-04-18T12:48:43-07:00,0,12
global.js,24,js,fac0f502,Sardor Sobirov,2025-04-18,12:48:43,-07:00,2025-04-18T12:48:43-07:00,0,23
global.js,25,js,fac0f502,Sardor Sobirov,2025-04-18,12:48:43,-07:00,2025-04-18T12:48:43-07:00,0,0
global.js,26,js,9ebf66d4,Sardor Sobirov,2025-04-18,13:03:00,-07:00,2025-04-18T13:03:00-07:00,0,66
global.js,27,js,9ebf66d4,Sardor Sobirov,2025-04-18,13:03:00,-07:00,2025-04-18T13:03:00-07:00,0,58
global.js,28,js,9ebf66d4,Sardor Sobirov,2025-04-18,13:03:00,-07:00,2025-04-18T13:03:00-07:00,0,41
global.js,29,js,fac0f502,Sardor Sobirov,2025-04-18,12:48:43,-07:00,2025-04-18T12:48:43-07:00,0,18
global.js,30,js,fac0f502,Sardor Sobirov,2025-04-18,12:48:43,-07:00,2025-04-18T12:48:43-07:00,0,9
global.js,31,js,9ebf66d4,Sardor Sobirov,2025-04-18,13:03:00,-07:00,2025-04-18T13:03:00-07:00,0,26
global.js,32,js,9ebf66d4,Sardor Sobirov,2025-04-18,13:03:00,-07:00,2025-04-18T13:03:00-07:00,0,27
global.js,33,js,9ebf66d4,Sardor Sobirov,2025-04-18,13:03:00,-07:00,2025-04-18T13:03:00-07:00,0,65
global.js,34,js,9ebf66d4,Sardor Sobirov,2025-04-18,13:03:00,-07:00,2025-04-18T13:03:00-07:00,0,53
global.js,35,js,fac0f502,Sardor Sobirov,2025-04-18,12:48:43,-07:00,2025-04-18T12:48:43-07:00,0,1
global.js,36,js,fac0f502,Sardor Sobirov,2025-04-18,12:48:43,-07:00,2025-04-18T12:48:43-07:00,0,0
global.js,37,js,fac0f502,Sardor Sobirov,2025-04-18,12:48:43,-07:00,2025-04-18T12:48:43-07:00,0,34
global.js,38,js,fac0f502,Sardor Sobirov,2025-04-18,12:48:43,-07:00,2025-04-18T12:48:43-07:00,0,30
global.js,39,js,fac0f502,Sardor Sobirov,2025-04-18,12:48:43,-07:00,2025-04-18T12:48:43-07:00,0,19
global.js,40,js,fac0f502,Sardor Sobirov,2025-04-18,12:48:43,-07:00,2025-04-18T12:48:43-07:00,0,0
global.js,41,js,fac0f502,Sardor Sobirov,2025-04-18,12:48:43,-07:00,2025-04-18T12:48:43-07:00,0,0
global.js,42,js,fac0f502,Sardor Sobirov,2025-04-18,12:48:43,-07:00,2025-04-18T12:48:43-07:00,0,13
global.js,43,js,fac0f502,Sardor Sobirov,2025-04-18,12:48:43,-07:00,2025-04-18T12:48:43-07:00,0,0
global.js,44,js,fac0f502,Sardor Sobirov,2025-04-18,12:48:43,-07:00,2025-04-18T12:48:43-07:00,0,0
global.js,45,js,fac0f502,Sardor Sobirov,2025-04-18,12:48:43,-07:00,2025-04-18T12:48:43-07:00,0,20
global.js,46,js,fac0f502,Sardor Sobirov,2025-04-18,12:48:43,-07:00,2025-04-18T12:48:43-07:00,0,32
global.js,47,js,fac0f502,Sardor Sobirov,2025-04-18,12:48:43,-07:00,2025-04-18T12:48:43-07:00,0,12
global.js,48,js,fac0f502,Sardor Sobirov,2025-04-18,12:48:43,-07:00,2025-04-18T12:48:43-07:00,0,0
global.js,49,js,fac0f502,Sardor Sobirov,2025-04-18,12:48:43,-07:00,2025-04-18T12:48:43-07:00,0,27
global.js,50,js,fac0f502,Sardor Sobirov,2025-04-18,12:48:43,-07:00,2025-04-18T12:48:43-07:00,0,5
global.js,51,js,fac0f502,Sardor Sobirov,2025-04-18,12:48:43,-07:00,2025-04-18T12:48:43-07:00,0,7
global.js,52,js,fac0f502,Sardor Sobirov,2025-04-18,12:48:43,-07:00,2025-04-18T12:48:43-07:00,0,44
global.js,53,js,fac0f502,Sardor Sobirov,2025-04-18,12:48:43,-07:00,2025-04-18T12:48:43-07:00,0,35
global.js,54,js,fac0f502,Sardor Sobirov,2025-04-18,12:48:43,-07:00,2025-04-18T12:48:43-07:00,0,33
global.js,55,js,fac0f502,Sardor Sobirov,2025-04-18,12:48:43,-07:00,2025-04-18T12:48:43-07:00,0,8
global.js,56,js,fac0f502,Sardor Sobirov,2025-04-18,12:48:43,-07:00,2025-04-18T12:48:43-07:00,0,7
global.js,57,js,fac0f502,Sardor Sobirov,2025-04-18,12:48:43,-07:00,2025-04-18T12:48:43-07:00,0,0
global.js,58,js,fac0f502,Sardor Sobirov,2025-04-18,12:48:43,-07:00,2025-04-18T12:48:43-07:00,0,1
global.js,59,js,fac0f502,Sardor Sobirov,2025-04-18,12:48:43,-07:00,2025-04-18T12:48:43-07:00,0,0
global.js,60,js,fac0f502,Sardor Sobirov,2025-04-18,12:48:43,-07:00,2025-04-18T12:48:43-07:00,0,61
global.js,61,js,fac0f502,Sardor Sobirov,2025-04-18,12:48:43,-07:00,2025-04-18T12:48:43-07:00,0,0
global.js,62,js,fac0f502,Sardor Sobirov,2025-04-18,12:48:43,-07:00,2025-04-18T12:48:43-07:00,0,30
global.js,63,js,fac0f502,Sardor Sobirov,2025-04-18,12:48:43,-07:00,2025-04-18T12:48:43-07:00,0,37
global.js,64,js,fac0f502,Sardor Sobirov,2025-04-18,12:48:43,-07:00,2025-04-18T12:48:43-07:00,0,71
global.js,65,js,fac0f502,Sardor Sobirov,2025-04-18,12:48:43,-07:00,2025-04-18T12:48:43-07:00,0,26
global.js,66,js,fac0f502,Sardor Sobirov,2025-04-18,12:48:43,-07:00,2025-04-18T12:48:43-07:00,0,0
global.js,67,js,fac0f502,Sardor Sobirov,2025-04-18,12:48:43,-07:00,2025-04-18T12:48:43-07:00,0,0
global.js,68,js,fac0f502,Sardor Sobirov,2025-04-18,12:48:43,-07:00,2025-04-18T12:48:43-07:00,0,47
global.js,69,js,fac0f502,Sardor Sobirov,2025-04-18,12:48:43,-07:00,2025-04-18T12:48:43-07:00,0,35
global.js,70,js,fac0f502,Sardor Sobirov,2025-04-18,12:48:43,-07:00,2025-04-18T12:48:43-07:00,0,40
global.js,71,js,fac0f502,Sardor Sobirov,2025-04-18,12:48:43,-07:00,2025-04-18T12:48:43-07:00,0,7
global.js,72,js,fac0f502,Sardor Sobirov,2025-04-18,12:48:43,-07:00,2025-04-18T12:48:43-07:00,0,28
global.js,73,js,fac0f502,Sardor Sobirov,2025-04-18,12:48:43,-07:00,2025-04-18T12:48:43-07:00,0,0
global.js,74,js,fac0f502,Sardor Sobirov,2025-04-18,12:48:43,-07:00,2025-04-18T12:48:43-07:00,0,0
global.js,75,js,fac0f502,Sardor Sobirov,2025-04-18,12:48:43,-07:00,2025-04-18T12:48:43-07:00,0,27
global.js,76,js,fac0f502,Sardor Sobirov,2025-04-18,12:48:43,-07:00,2025-04-18T12:48:43-07:00,0,44
global.js,77,js,fac0f502,Sardor Sobirov,2025-04-18,12:48:43,-07:00,2025-04-18T12:48:43-07:00,0,38
global.js,78,js,fac0f502,Sardor Sobirov,2025-04-18,12:48:43,-07:00,2025-04-18T12:48:43-07:00,0,27
global.js,79,js,fac0f502,Sardor Sobirov,2025-04-18,12:48:43,-07:00,2025-04-18T12:48:43-07:00,0,38
global.js,80,js,fac0f502,Sardor Sobirov,2025-04-18,12:48:43,-07:00,2025-04-18T12:48:43-07:00,0,2
global.js,81,js,fac0f502,Sardor Sobirov,2025-04-18,12:48:43,-07:00,2025-04-18T12:48:43-07:00,0,0
global.js,82,js,fac0f502,Sardor Sobirov,2025-04-18,12:48:43,-07:00,2025-04-18T12:48:43-07:00,0,43
global.js,83,js,fac0f502,Sardor Sobirov,2025-04-18,12:48:43,-07:00,2025-04-18T12:48:43-07:00,0,44
global.js,84,js,fac0f502,Sardor Sobirov,2025-04-18,12:48:43,-07:00,2025-04-18T12:48:43-07:00,0,22
global.js,85,js,fac0f502,Sardor Sobirov,2025-04-18,12:48:43,-07:00,2025-04-18T12:48:43-07:00,0,0
global.js,86,js,fac0f502,Sardor Sobirov,2025-04-18,12:48:43,-07:00,2025-04-18T12:48:43-07:00,0,31
global.js,87,js,fac0f502,Sardor Sobirov,2025-04-18,12:48:43,-07:00,2025-04-18T12:48:43-07:00,0,36
global.js,88,js,fac0f502,Sardor Sobirov,2025-04-18,12:48:43,-07:00,2025-04-18T12:48:43-07:00,0,0
global.js,89,js,fac0f502,Sardor Sobirov,2025-04-18,12:48:43,-07:00,2025-04-18T12:48:43-07:00,0,32
global.js,90,js,844d5989,Sardor Sobirov,2025-04-18,16:40:14,-07:00,2025-04-18T16:40:14-07:00,0,72
global.js,91,js,fac0f502,Sardor Sobirov,2025-04-18,12:48:43,-07:00,2025-04-18T12:48:43-07:00,0,0
global.js,92,js,fac0f502,Sardor Sobirov,2025-04-18,12:48:43,-07:00,2025-04-18T12:48:43-07:00,0,0
global.js,93,js,fac0f502,Sardor Sobirov,2025-04-18,12:48:43,-07:00,2025-04-18T12:48:43-07:00,0,55
global.js,94,js,844d5989,Sardor Sobirov,2025-04-18,16:40:14,-07:00,2025-04-18T16:40:14-07:00,0,48
global.js,95,js,fac0f502,Sardor Sobirov,2025-04-18,12:48:43,-07:00,2025-04-18T12:48:43-07:00,0,2
global.js,96,js,660bb518,Sardor Sobirov,2025-04-25,18:57:25,-07:00,2025-04-25T18:57:25-07:00,0,0
global.js,97,js,660bb518,Sardor Sobirov,2025-04-25,18:57:25,-07:00,2025-04-25T18:57:25-07:00,0,37
global.js,98,js,660bb518,Sardor Sobirov,2025-04-25,18:57:25,-07:00,2025-04-25T18:57:25-07:00,0,4
global.js,99,js,9c233a30,Sardor Sobirov,2025-04-26,20:50:47,-07:00,2025-04-26T20:50:47-07:00,0,18
global.js,100,js,9c233a30,Sardor Sobirov,2025-04-26,20:50:47,-07:00,2025-04-26T20:50:47-07:00,0,0
global.js,101,js,9c233a30,Sardor Sobirov,2025-04-26,20:50:47,-07:00,2025-04-26T20:50:47-07:00,0,62
global.js,102,js,9c233a30,Sardor Sobirov,2025-04-26,20:50:47,-07:00,2025-04-26T20:50:47-07:00,0,36
global.js,103,js,9c233a30,Sardor Sobirov,2025-04-26,20:50:47,-07:00,2025-04-26T20:50:47-07:00,0,18
global.js,104,js,9c233a30,Sardor Sobirov,2025-04-26,20:50:47,-07:00,2025-04-26T20:50:47-07:00,0,42
global.js,105,js,9c233a30,Sardor Sobirov,2025-04-26,20:50:47,-07:00,2025-04-26T20:50:47-07:00,0,28
global.js,106,js,9c233a30,Sardor Sobirov,2025-04-26,20:50:47,-07:00,2025-04-26T20:50:47-07:00,0,1
global.js,107,js,9c233a30,Sardor Sobirov,2025-04-26,20:50:47,-07:00,2025-04-26T20:50:47-07:00,0,0
global.js,108,js,9c233a30,Sardor Sobirov,2025-04-26,20:50:47,-07:00,2025-04-26T20:50:47-07:00,0,0
global.js,109,js,9c233a30,Sardor Sobirov,2025-04-26,20:50:47,-07:00,2025-04-26T20:50:47-07:00,0,42
global.js,110,js,660bb518,Sardor Sobirov,2025-04-25,18:57:25,-07:00,2025-04-25T18:57:25-07:00,0,18
global.js,111,js,1ca1b164,Sardor Sobirov,2025-04-26,20:38:49,-07:00,2025-04-26T20:38:49-07:00,0,77
global.js,112,js,660bb518,Sardor Sobirov,2025-04-25,18:57:25,-07:00,2025-04-25T18:57:25-07:00,0,0
global.js,113,js,1ca1b164,Sardor Sobirov,2025-04-26,20:38:49,-07:00,2025-04-26T20:38:49-07:00,0,28
global.js,114,js,660bb518,Sardor Sobirov,2025-04-25,18:57:25,-07:00,2025-04-25T18:57:25-07:00,0,16
global.js,115,js,1ca1b164,Sardor Sobirov,2025-04-26,20:38:49,-07:00,2025-04-26T20:38:49-07:00,0,44
global.js,116,js,1ca1b164,Sardor Sobirov,2025-04-26,20:38:49,-07:00,2025-04-26T20:38:49-07:00,0,44
global.js,117,js,660bb518,Sardor Sobirov,2025-04-25,18:57:25,-07:00,2025-04-25T18:57:25-07:00,0,0
global.js,118,js,660bb518,Sardor Sobirov,2025-04-25,18:57:25,-07:00,2025-04-25T18:57:25-07:00,0,0
global.js,119,js,660bb518,Sardor Sobirov,2025-04-25,18:57:25,-07:00,2025-04-25T18:57:25-07:00,0,0
global.js,120,js,660bb518,Sardor Sobirov,2025-04-25,18:57:25,-07:00,2025-04-25T18:57:25-07:00,0,80
global.js,121,js,660bb518,Sardor Sobirov,2025-04-25,18:57:25,-07:00,2025-04-25T18:57:25-07:00,0,31
global.js,122,js,660bb518,Sardor Sobirov,2025-04-25,18:57:25,-07:00,2025-04-25T18:57:25-07:00,0,32
global.js,123,js,660bb518,Sardor Sobirov,2025-04-25,18:57:25,-07:00,2025-04-25T18:57:25-07:00,0,49
global.js,124,js,660bb518,Sardor Sobirov,2025-04-25,18:57:25,-07:00,2025-04-25T18:57:25-07:00,0,20
global.js,125,js,179c6e91,Sardor Sobirov,2025-04-30,15:26:24,-07:00,2025-04-30T15:26:24-07:00,0,62
global.js,126,js,179c6e91,Sardor Sobirov,2025-04-30,15:26:24,-07:00,2025-04-30T15:26:24-07:00,0,50
global.js,127,js,179c6e91,Sardor Sobirov,2025-04-30,15:26:24,-07:00,2025-04-30T15:26:24-07:00,0,50
global.js,128,js,179c6e91,Sardor Sobirov,2025-04-30,15:26:24,-07:00,2025-04-30T15:26:24-07:00,0,28
global.js,129,js,179c6e91,Sardor Sobirov,2025-04-30,15:26:24,-07:00,2025-04-30T15:26:24-07:00,0,3
global.js,130,js,660bb518,Sardor Sobirov,2025-04-25,18:57:25,-07:00,2025-04-25T18:57:25-07:00,0,1
global.js,131,js,660bb518,Sardor Sobirov,2025-04-25,18:57:25,-07:00,2025-04-25T18:57:25-07:00,0,37
global.js,132,js,660bb518,Sardor Sobirov,2025-04-25,18:57:25,-07:00,2025-04-25T18:57:25-07:00,0,0
global.js,133,js,660bb518,Sardor Sobirov,2025-04-25,18:57:25,-07:00,2025-04-25T18:57:25-07:00,0,0
projects\projects.js,1,js,52198971,Sardor Sobirov,2025-05-02,17:18:45,-07:00,2025-05-02T17:18:45-07:00,0,56
projects\projects.js,2,js,52198971,Sardor Sobirov,2025-05-02,17:18:45,-07:00,2025-05-02T17:18:45-07:00,0,0
projects\projects.js,3,js,52198971,Sardor Sobirov,2025-05-02,17:18:45,-07:00,2025-05-02T17:18:45-07:00,0,17
projects\projects.js,4,js,52198971,Sardor Sobirov,2025-05-02,17:18:45,-07:00,2025-05-02T17:18:45-07:00,0,14
projects\projects.js,5,js,52198971,Sardor Sobirov,2025-05-02,17:18:45,-07:00,2025-05-02T17:18:45-07:00,0,22
projects\projects.js,6,js,52198971,Sardor Sobirov,2025-05-02,17:18:45,-07:00,2025-05-02T17:18:45-07:00,0,0
projects\projects.js,7,js,52198971,Sardor Sobirov,2025-05-02,17:18:45,-07:00,2025-05-02T17:18:45-07:00,0,61
projects\projects.js,8,js,52198971,Sardor Sobirov,2025-05-02,17:18:45,-07:00,2025-05-02T17:18:45-07:00,0,56
projects\projects.js,9,js,52198971,Sardor Sobirov,2025-05-02,17:18:45,-07:00,2025-05-02T17:18:45-07:00,0,28
projects\projects.js,10,js,52198971,Sardor Sobirov,2025-05-02,17:18:45,-07:00,2025-05-02T17:18:45-07:00,0,35
projects\projects.js,11,js,46fb9b60,Sardor Sobirov,2025-05-02,21:40:38,-07:00,2025-05-02T21:40:38-07:00,0,80
projects\projects.js,12,js,46fb9b60,Sardor Sobirov,2025-05-02,21:40:38,-07:00,2025-05-02T21:40:38-07:00,0,0
projects\projects.js,13,js,342473a1,Sardor Sobirov,2025-05-03,06:57:04,-07:00,2025-05-03T06:57:04-07:00,0,74
projects\projects.js,14,js,f72de823,Sardor Sobirov,2025-05-03,06:52:00,-07:00,2025-05-03T06:52:00-07:00,0,31
projects\projects.js,15,js,342473a1,Sardor Sobirov,2025-05-03,06:57:04,-07:00,2025-05-03T06:57:04-07:00,0,7
projects\projects.js,16,js,342473a1,Sardor Sobirov,2025-05-03,06:57:04,-07:00,2025-05-03T06:57:04-07:00,0,22
projects\projects.js,17,js,342473a1,Sardor Sobirov,2025-05-03,06:57:04,-07:00,2025-05-03T06:57:04-07:00,0,22
projects\projects.js,18,js,342473a1,Sardor Sobirov,2025-05-03,06:57:04,-07:00,2025-05-03T06:57:04-07:00,0,21
projects\projects.js,19,js,342473a1,Sardor Sobirov,2025-05-03,06:57:04,-07:00,2025-05-03T06:57:04-07:00,0,23
projects\projects.js,20,js,342473a1,Sardor Sobirov,2025-05-03,06:57:04,-07:00,2025-05-03T06:57:04-07:00,0,18
projects\projects.js,21,js,342473a1,Sardor Sobirov,2025-05-03,06:57:04,-07:00,2025-05-03T06:57:04-07:00,0,23
projects\projects.js,22,js,342473a1,Sardor Sobirov,2025-05-03,06:57:04,-07:00,2025-05-03T06:57:04-07:00,0,19
projects\projects.js,23,js,342473a1,Sardor Sobirov,2025-05-03,06:57:04,-07:00,2025-05-03T06:57:04-07:00,0,17
projects\projects.js,24,js,342473a1,Sardor Sobirov,2025-05-03,06:57:04,-07:00,2025-05-03T06:57:04-07:00,0,20
projects\projects.js,25,js,342473a1,Sardor Sobirov,2025-05-03,06:57:04,-07:00,2025-05-03T06:57:04-07:00,0,19
projects\projects.js,26,js,342473a1,Sardor Sobirov,2025-05-03,06:57:04,-07:00,2025-05-03T06:57:04-07:00,0,19
projects\projects.js,27,js,342473a1,Sardor Sobirov,2025-05-03,06:57:04,-07:00,2025-05-03T06:57:04-07:00,0,16
projects\projects.js,28,js,342473a1,Sardor Sobirov,2025-05-03,06:57:04,-07:00,2025-05-03T06:57:04-07:00,0,2
projects\projects.js,29,js,f72de823,Sardor Sobirov,2025-05-03,06:52:00,-07:00,2025-05-03T06:52:00-07:00,0,0
projects\projects.js,30,js,46fb9b60,Sardor Sobirov,2025-05-02,21:40:38,-07:00,2025-05-02T21:40:38-07:00,0,26
projects\projects.js,31,js,f72de823,Sardor Sobirov,2025-05-03,06:52:00,-07:00,2025-05-03T06:52:00-07:00,0,43
projects\projects.js,32,js,f72de823,Sardor Sobirov,2025-05-03,06:52:00,-07:00,2025-05-03T06:52:00-07:00,0,103
projects\projects.js,33,js,46fb9b60,Sardor Sobirov,2025-05-02,21:40:38,-07:00,2025-05-02T21:40:38-07:00,0,77
projects\projects.js,34,js,46fb9b60,Sardor Sobirov,2025-05-02,21:40:38,-07:00,2025-05-02T21:40:38-07:00,0,9
projects\projects.js,35,js,46fb9b60,Sardor Sobirov,2025-05-02,21:40:38,-07:00,2025-05-02T21:40:38-07:00,0,38
projects\projects.js,36,js,342473a1,Sardor Sobirov,2025-05-03,06:57:04,-07:00,2025-05-03T06:57:04-07:00,0,57
projects\projects.js,37,js,342473a1,Sardor Sobirov,2025-05-03,06:57:04,-07:00,2025-05-03T06:57:04-07:00,0,77
projects\projects.js,38,js,342473a1,Sardor Sobirov,2025-05-03,06:57:04,-07:00,2025-05-03T06:57:04-07:00,0,49
projects\projects.js,39,js,f72de823,Sardor Sobirov,2025-05-03,06:52:00,-07:00,2025-05-03T06:52:00-07:00,0,0
projects\projects.js,40,js,f72de823,Sardor Sobirov,2025-05-03,06:52:00,-07:00,2025-05-03T06:52:00-07:00,0,44
projects\projects.js,41,js,f72de823,Sardor Sobirov,2025-05-03,06:52:00,-07:00,2025-05-03T06:52:00-07:00,0,41
projects\projects.js,42,js,f72de823,Sardor Sobirov,2025-05-03,06:52:00,-07:00,2025-05-03T06:52:00-07:00,0,24
projects\projects.js,43,js,342473a1,Sardor Sobirov,2025-05-03,06:57:04,-07:00,2025-05-03T06:57:04-07:00,0,50
projects\projects.js,44,js,f72de823,Sardor Sobirov,2025-05-03,06:52:00,-07:00,2025-05-03T06:52:00-07:00,0,2
projects\projects.js,45,js,46fb9b60,Sardor Sobirov,2025-05-02,21:40:38,-07:00,2025-05-02T21:40:38-07:00,0,0
projects\projects.js,46,js,46fb9b60,Sardor Sobirov,2025-05-02,21:40:38,-07:00,2025-05-02T21:40:38-07:00,0,0
projects\projects.js,47,js,46fb9b60,Sardor Sobirov,2025-05-02,21:40:38,-07:00,2025-05-02T21:40:38-07:00,0,0
projects\projects.js,48,js,46fb9b60,Sardor Sobirov,2025-05-02,21:40:38,-07:00,2025-05-02T21:40:38-07:00,0,27
projects\projects.js,49,js,46fb9b60,Sardor Sobirov,2025-05-02,21:40:38,-07:00,2025-05-02T21:40:38-07:00,0,113
projects\projects.js,50,js,46fb9b60,Sardor Sobirov,2025-05-02,21:40:38,-07:00,2025-05-02T21:40:38-07:00,0,20
projects\projects.js,51,js,46fb9b60,Sardor Sobirov,2025-05-02,21:40:38,-07:00,2025-05-02T21:40:38-07:00,0,17
projects\projects.js,52,js,46fb9b60,Sardor Sobirov,2025-05-02,21:40:38,-07:00,2025-05-02T21:40:38-07:00,0,31
projects\projects.js,53,js,edf46517,Sardor Sobirov,2025-05-02,20:46:10,-07:00,2025-05-02T20:46:10-07:00,0,0
projects\projects.js,54,js,edf46517,Sardor Sobirov,2025-05-02,20:46:10,-07:00,2025-05-02T20:46:10-07:00,0,0
projects\projects.js,55,js,f72de823,Sardor Sobirov,2025-05-03,06:52:00,-07:00,2025-05-03T06:52:00-07:00,0,45
projects\projects.js,56,js,f72de823,Sardor Sobirov,2025-05-03,06:52:00,-07:00,2025-05-03T06:52:00-07:00,0,42
projects\projects.js,57,js,f72de823,Sardor Sobirov,2025-05-03,06:52:00,-07:00,2025-05-03T06:52:00-07:00,0,24
projects\projects.js,58,js,f72de823,Sardor Sobirov,2025-05-03,06:52:00,-07:00,2025-05-03T06:52:00-07:00,0,27
projects\projects.js,59,js,f72de823,Sardor Sobirov,2025-05-03,06:52:00,-07:00,2025-05-03T06:52:00-07:00,0,30
projects\projects.js,60,js,edf46517,Sardor Sobirov,2025-05-02,20:46:10,-07:00,2025-05-02T20:46:10-07:00,0,0
projects\projects.js,61,js,f72de823,Sardor Sobirov,2025-05-03,06:52:00,-07:00,2025-05-03T06:52:00-07:00,0,34
projects\projects.js,62,js,f72de823,Sardor Sobirov,2025-05-03,06:52:00,-07:00,2025-05-03T06:52:00-07:00,0,27
projects\projects.js,63,js,52198971,Sardor Sobirov,2025-05-02,17:18:45,-07:00,2025-05-02T17:18:45-07:00,0,16
projects\projects.js,64,js,f72de823,Sardor Sobirov,2025-05-03,06:52:00,-07:00,2025-05-03T06:52:00-07:00,0,13
projects\projects.js,65,js,f72de823,Sardor Sobirov,2025-05-03,06:52:00,-07:00,2025-05-03T06:52:00-07:00,0,10
projects\projects.js,66,js,f72de823,Sardor Sobirov,2025-05-03,06:52:00,-07:00,2025-05-03T06:52:00-07:00,0,43
projects\projects.js,67,js,52198971,Sardor Sobirov,2025-05-02,17:18:45,-07:00,2025-05-02T17:18:45-07:00,0,0
projects\projects.js,68,js,f72de823,Sardor Sobirov,2025-05-03,06:52:00,-07:00,2025-05-03T06:52:00-07:00,0,23
projects\projects.js,69,js,f72de823,Sardor Sobirov,2025-05-03,06:52:00,-07:00,2025-05-03T06:52:00-07:00,0,19
projects\projects.js,70,js,f72de823,Sardor Sobirov,2025-05-03,06:52:00,-07:00,2025-05-03T06:52:00-07:00,0,19
projects\projects.js,71,js,f72de823,Sardor Sobirov,2025-05-03,06:52:00,-07:00,2025-05-03T06:52:00-07:00,0,11
projects\projects.js,72,js,52198971,Sardor Sobirov,2025-05-02,17:18:45,-07:00,2025-05-02T17:18:45-07:00,0,0
projects\projects.js,73,js,f72de823,Sardor Sobirov,2025-05-03,06:52:00,-07:00,2025-05-03T06:52:00-07:00,0,19
projects\projects.js,74,js,f72de823,Sardor Sobirov,2025-05-03,06:52:00,-07:00,2025-05-03T06:52:00-07:00,0,14
projects\projects.js,75,js,f72de823,Sardor Sobirov,2025-05-03,06:52:00,-07:00,2025-05-03T06:52:00-07:00,0,16
projects\projects.js,76,js,52198971,Sardor Sobirov,2025-05-02,17:18:45,-07:00,2025-05-02T17:18:45-07:00,0,0
projects\projects.js,77,js,4633c00c,Sardor Sobirov,2025-05-03,07:01:51,-07:00,2025-05-03T07:01:51-07:00,0,24
projects\projects.js,78,js,4633c00c,Sardor Sobirov,2025-05-03,07:01:51,-07:00,2025-05-03T07:01:51-07:00,0,14
projects\projects.js,79,js,4633c00c,Sardor Sobirov,2025-05-03,07:01:51,-07:00,2025-05-03T07:01:51-07:00,0,50
projects\projects.js,80,js,4633c00c,Sardor Sobirov,2025-05-03,07:01:51,-07:00,2025-05-03T07:01:51-07:00,0,0
projects\projects.js,81,js,f72de823,Sardor Sobirov,2025-05-03,06:52:00,-07:00,2025-05-03T06:52:00-07:00,0,26
projects\projects.js,82,js,52198971,Sardor Sobirov,2025-05-02,17:18:45,-07:00,2025-05-02T17:18:45-07:00,0,0
projects\projects.js,83,js,f72de823,Sardor Sobirov,2025-05-03,06:52:00,-07:00,2025-05-03T06:52:00-07:00,0,23
projects\projects.js,84,js,52198971,Sardor Sobirov,2025-05-02,17:18:45,-07:00,2025-05-02T17:18:45-07:00,0,20
projects\projects.js,85,js,52198971,Sardor Sobirov,2025-05-02,17:18:45,-07:00,2025-05-02T17:18:45-07:00,0,10
projects\projects.js,86,js,52198971,Sardor Sobirov,2025-05-02,17:18:45,-07:00,2025-05-02T17:18:45-07:00,0,7
projects\projects.js,87,js,52198971,Sardor Sobirov,2025-05-02,17:18:45,-07:00,2025-05-02T17:18:45-07:00,0,14
projects\projects.js,88,js,52198971,Sardor Sobirov,2025-05-02,17:18:45,-07:00,2025-05-02T17:18:45-07:00,0,14
projects\projects.js,89,js,f72de823,Sardor Sobirov,2025-05-03,06:52:00,-07:00,2025-05-03T06:52:00-07:00,0,33
projects\projects.js,90,js,f72de823,Sardor Sobirov,2025-05-03,06:52:00,-07:00,2025-05-03T06:52:00-07:00,0,37
projects\projects.js,91,js,f72de823,Sardor Sobirov,2025-05-03,06:52:00,-07:00,2025-05-03T06:52:00-07:00,0,23
projects\projects.js,92,js,4633c00c,Sardor Sobirov,2025-05-03,07:01:51,-07:00,2025-05-03T07:01:51-07:00,0,26
projects\projects.js,93,js,4633c00c,Sardor Sobirov,2025-05-03,07:01:51,-07:00,2025-05-03T07:01:51-07:00,0,36
projects\projects.js,94,js,4633c00c,Sardor Sobirov,2025-05-03,07:01:51,-07:00,2025-05-03T07:01:51-07:00,0,14
projects\projects.js,95,js,4633c00c,Sardor Sobirov,2025-05-03,07:01:51,-07:00,2025-05-03T07:01:51-07:00,0,12
projects\projects.js,96,js,4633c00c,Sardor Sobirov,2025-05-03,07:01:51,-07:00,2025-05-03T07:01:51-07:00,0,13
projects\projects.js,97,js,4633c00c,Sardor Sobirov,2025-05-03,07:01:51,-07:00,2025-05-03T07:01:51-07:00,0,22
projects\projects.js,98,js,4633c00c,Sardor Sobirov,2025-05-03,07:01:51,-07:00,2025-05-03T07:01:51-07:00,0,55
projects\projects.js,99,js,4633c00c,Sardor Sobirov,2025-05-03,07:01:51,-07:00,2025-05-03T07:01:51-07:00,0,1
projects\projects.js,100,js,4633c00c,Sardor Sobirov,2025-05-03,07:01:51,-07:00,2025-05-03T07:01:51-07:00,0,35
projects\projects.js,101,js,4633c00c,Sardor Sobirov,2025-05-03,07:01:51,-07:00,2025-05-03T07:01:51-07:00,0,14
projects\projects.js,102,js,4633c00c,Sardor Sobirov,2025-05-03,07:01:51,-07:00,2025-05-03T07:01:51-07:00,0,12
projects\projects.js,103,js,4633c00c,Sardor Sobirov,2025-05-03,07:01:51,-07:00,2025-05-03T07:01:51-07:00,0,13
projects\projects.js,104,js,4633c00c,Sardor Sobirov,2025-05-03,07:01:51,-07:00,2025-05-03T07:01:51-07:00,0,17
projects\projects.js,105,js,4633c00c,Sardor Sobirov,2025-05-03,07:01:51,-07:00,2025-05-03T07:01:51-07:00,0,21
projects\projects.js,106,js,4633c00c,Sardor Sobirov,2025-05-03,07:01:51,-07:00,2025-05-03T07:01:51-07:00,0,1
projects\projects.js,107,js,f72de823,Sardor Sobirov,2025-05-03,06:52:00,-07:00,2025-05-03T06:52:00-07:00,0,27
projects\projects.js,108,js,f72de823,Sardor Sobirov,2025-05-03,06:52:00,-07:00,2025-05-03T06:52:00-07:00,0,29
projects\projects.js,109,js,f72de823,Sardor Sobirov,2025-05-03,06:52:00,-07:00,2025-05-03T06:52:00-07:00,0,52
projects\projects.js,110,js,f72de823,Sardor Sobirov,2025-05-03,06:52:00,-07:00,2025-05-03T06:52:00-07:00,0,17
projects\projects.js,111,js,52198971,Sardor Sobirov,2025-05-02,17:18:45,-07:00,2025-05-02T17:18:45-07:00,0,2
projects\projects.js,112,js,52198971,Sardor Sobirov,2025-05-02,17:18:45,-07:00,2025-05-02T17:18:45-07:00,0,0
projects\projects.js,113,js,f72de823,Sardor Sobirov,2025-05-03,06:52:00,-07:00,2025-05-03T06:52:00-07:00,0,21
projects\projects.js,114,js,f72de823,Sardor Sobirov,2025-05-03,06:52:00,-07:00,2025-05-03T06:52:00-07:00,0,41
projects\projects.js,115,js,f72de823,Sardor Sobirov,2025-05-03,06:52:00,-07:00,2025-05-03T06:52:00-07:00,0,14
projects\projects.js,116,js,52198971,Sardor Sobirov,2025-05-02,17:18:45,-07:00,2025-05-02T17:18:45-07:00,0,7
projects\projects.js,117,js,52198971,Sardor Sobirov,2025-05-02,17:18:45,-07:00,2025-05-02T17:18:45-07:00,0,12
projects\projects.js,118,js,f72de823,Sardor Sobirov,2025-05-03,06:52:00,-07:00,2025-05-03T06:52:00-07:00,0,48
projects\projects.js,119,js,f72de823,Sardor Sobirov,2025-05-03,06:52:00,-07:00,2025-05-03T06:52:00-07:00,0,27
projects\projects.js,120,js,f72de823,Sardor Sobirov,2025-05-03,06:52:00,-07:00,2025-05-03T06:52:00-07:00,0,33
projects\projects.js,121,js,f72de823,Sardor Sobirov,2025-05-03,06:52:00,-07:00,2025-05-03T06:52:00-07:00,0,52
projects\projects.js,122,js,f72de823,Sardor Sobirov,2025-05-03,06:52:00,-07:00,2025-05-03T06:52:00-07:00,0,17
projects\projects.js,123,js,52198971,Sardor Sobirov,2025-05-02,17:18:45,-07:00,2025-05-02T17:18:45-07:00,0,2
projects\projects.js,124,js,f72de823,Sardor Sobirov,2025-05-03,06:52:00,-07:00,2025-05-03T06:52:00-07:00,0,0
projects\projects.js,125,js,f72de823,Sardor Sobirov,2025-05-03,06:52:00,-07:00,2025-05-03T06:52:00-07:00,0,41
projects\projects.js,126,js,f72de823,Sardor Sobirov,2025-05-03,06:52:00,-07:00,2025-05-03T06:52:00-07:00,0,25
projects\projects.js,127,js,f72de823,Sardor Sobirov,2025-05-03,06:52:00,-07:00,2025-05-03T06:52:00-07:00,0,24
projects\projects.js,128,js,f72de823,Sardor Sobirov,2025-05-03,06:52:00,-07:00,2025-05-03T06:52:00-07:00,0,0
projects\projects.js,129,js,f72de823,Sardor Sobirov,2025-05-03,06:52:00,-07:00,2025-05-03T06:52:00-07:00,0,25
projects\projects.js,130,js,f72de823,Sardor Sobirov,2025-05-03,06:52:00,-07:00,2025-05-03T06:52:00-07:00,0,36
projects\projects.js,131,js,f72de823,Sardor Sobirov,2025-05-03,06:52:00,-07:00,2025-05-03T06:52:00-07:00,0,0
projects\projects.js,132,js,f72de823,Sardor Sobirov,2025-05-03,06:52:00,-07:00,2025-05-03T06:52:00-07:00,0,27
projects\projects.js,133,js,c1b0aceb,Sardor Sobirov,2025-05-10,14:51:07,-07:00,2025-05-10T14:51:07-07:00,0,0
projects\projects.js,134,js,c1b0aceb,Sardor Sobirov,2025-05-10,14:51:07,-07:00,2025-05-10T14:51:07-07:00,0,42
projects\projects.js,135,js,c1b0aceb,Sardor Sobirov,2025-05-10,14:51:07,-07:00,2025-05-10T14:51:07-07:00,0,17
projects\projects.js,136,js,c1b0aceb,Sardor Sobirov,2025-05-10,14:51:07,-07:00,2025-05-10T14:51:07-07:00,0,71
projects\projects.js,137,js,c1b0aceb,Sardor Sobirov,2025-05-10,14:51:07,-07:00,2025-05-10T14:51:07-07:00,0,0
projects\projects.js,138,js,c1b0aceb,Sardor Sobirov,2025-05-10,14:51:07,-07:00,2025-05-10T14:51:07-07:00,0,63
projects\projects.js,139,js,c1b0aceb,Sardor Sobirov,2025-05-10,14:51:07,-07:00,2025-05-10T14:51:07-07:00,0,62
projects\projects.js,140,js,c1b0aceb,Sardor Sobirov,2025-05-10,14:51:07,-07:00,2025-05-10T14:51:07-07:00,0,29
projects\projects.js,141,js,c1b0aceb,Sardor Sobirov,2025-05-10,14:51:07,-07:00,2025-05-10T14:51:07-07:00,0,2
projects\projects.js,142,js,c1b0aceb,Sardor Sobirov,2025-05-10,14:51:07,-07:00,2025-05-10T14:51:07-07:00,0,0
projects\projects.js,143,js,f72de823,Sardor Sobirov,2025-05-03,06:52:00,-07:00,2025-05-03T06:52:00-07:00,0,25
projects\projects.js,144,js,f72de823,Sardor Sobirov,2025-05-03,06:52:00,-07:00,2025-05-03T06:52:00-07:00,0,20
projects\projects.js,145,js,4633c00c,Sardor Sobirov,2025-05-03,07:01:51,-07:00,2025-05-03T07:01:51-07:00,0,82
projects\projects.js,146,js,f72de823,Sardor Sobirov,2025-05-03,06:52:00,-07:00,2025-05-03T06:52:00-07:00,0,0
projects\projects.js,147,js,f72de823,Sardor Sobirov,2025-05-03,06:52:00,-07:00,2025-05-03T06:52:00-07:00,0,21
projects\projects.js,148,js,f72de823,Sardor Sobirov,2025-05-03,06:52:00,-07:00,2025-05-03T06:52:00-07:00,0,21
projects\projects.js,149,js,f72de823,Sardor Sobirov,2025-05-03,06:52:00,-07:00,2025-05-03T06:52:00-07:00,0,63
projects\projects.js,150,js,f72de823,Sardor Sobirov,2025-05-03,06:52:00,-07:00,2025-05-03T06:52:00-07:00,0,0
projects\projects.js,151,js,c1b0aceb,Sardor Sobirov,2025-05-10,14:51:07,-07:00,2025-05-10T14:51:07-07:00,0,45
projects\projects.js,152,js,c1b0aceb,Sardor Sobirov,2025-05-10,14:51:07,-07:00,2025-05-10T14:51:07-07:00,0,62
projects\projects.js,153,js,f72de823,Sardor Sobirov,2025-05-03,06:52:00,-07:00,2025-05-03T06:52:00-07:00,0,0
projects\projects.js,154,js,52198971,Sardor Sobirov,2025-05-02,17:18:45,-07:00,2025-05-02T17:18:45-07:00,0,0
projects\projects.js,155,js,52198971,Sardor Sobirov,2025-05-02,17:18:45,-07:00,2025-05-02T17:18:45-07:00,0,0
projects\projects.js,156,js,f72de823,Sardor Sobirov,2025-05-03,06:52:00,-07:00,2025-05-03T06:52:00-07:00,0,21
projects\projects.js,157,js,f72de823,Sardor Sobirov,2025-05-03,06:52:00,-07:00,2025-05-03T06:52:00-07:00,0,22
projects\projects.js,158,js,f72de823,Sardor Sobirov,2025-05-03,06:52:00,-07:00,2025-05-03T06:52:00-07:00,0,4
projects\projects.js,159,js,f72de823,Sardor Sobirov,2025-05-03,06:52:00,-07:00,2025-05-03T06:52:00-07:00,0,98
projects\projects.js,160,js,f72de823,Sardor Sobirov,2025-05-03,06:52:00,-07:00,2025-05-03T06:52:00-07:00,0,43
projects\projects.js,161,js,f72de823,Sardor Sobirov,2025-05-03,06:52:00,-07:00,2025-05-03T06:52:00-07:00,0,32
projects\projects.js,162,js,f72de823,Sardor Sobirov,2025-05-03,06:52:00,-07:00,2025-05-03T06:52:00-07:00,0,24
projects\projects.js,163,js,f72de823,Sardor Sobirov,2025-05-03,06:52:00,-07:00,2025-05-03T06:52:00-07:00,0,49
projects\projects.js,164,js,f72de823,Sardor Sobirov,2025-05-03,06:52:00,-07:00,2025-05-03T06:52:00-07:00,0,0
projects\projects.js,165,js,f72de823,Sardor Sobirov,2025-05-03,06:52:00,-07:00,2025-05-03T06:52:00-07:00,0,16
projects\projects.js,166,js,f72de823,Sardor Sobirov,2025-05-03,06:52:00,-07:00,2025-05-03T06:52:00-07:00,0,47
projects\projects.js,167,js,f72de823,Sardor Sobirov,2025-05-03,06:52:00,-07:00,2025-05-03T06:52:00-07:00,0,0
projects\projects.js,168,js,f72de823,Sardor Sobirov,2025-05-03,06:52:00,-07:00,2025-05-03T06:52:00-07:00,0,0
projects\projects.js,169,js,f72de823,Sardor Sobirov,2025-05-03,06:52:00,-07:00,2025-05-03T06:52:00-07:00,0,0
projects\projects.js,170,js,f72de823,Sardor Sobirov,2025-05-03,06:52:00,-07:00,2025-05-03T06:52:00-07:00,0,21
projects\projects.js,171,js,52198971,Sardor Sobirov,2025-05-02,17:18:45,-07:00,2025-05-02T17:18:45-07:00,0,49
projects\projects.js,172,js,52198971,Sardor Sobirov,2025-05-02,17:18:45,-07:00,2025-05-02T17:18:45-07:00,0,40
projects\projects.js,173,js,f72de823,Sardor Sobirov,2025-05-03,06:52:00,-07:00,2025-05-03T06:52:00-07:00,0,52
projects\projects.js,174,js,f72de823,Sardor Sobirov,2025-05-03,06:52:00,-07:00,2025-05-03T06:52:00-07:00,0,62
projects\projects.js,175,js,f72de823,Sardor Sobirov,2025-05-03,06:52:00,-07:00,2025-05-03T06:52:00-07:00,0,29
projects\projects.js,176,js,f72de823,Sardor Sobirov,2025-05-03,06:52:00,-07:00,2025-05-03T06:52:00-07:00,0,2
projects\projects.js,177,js,f72de823,Sardor Sobirov,2025-05-03,06:52:00,-07:00,2025-05-03T06:52:00-07:00,0,32
projects\projects.js,178,js,f72de823,Sardor Sobirov,2025-05-03,06:52:00,-07:00,2025-05-03T06:52:00-07:00,0,57
projects\projects.js,179,js,52198971,Sardor Sobirov,2025-05-02,17:18:45,-07:00,2025-05-02T17:18:45-07:00,0,2
projects\projects.js,180,js,660bb518,Sardor Sobirov,2025-04-25,18:57:25,-07:00,2025-04-25T18:57:25-07:00,0,0
projects\projects.js,181,js,f72de823,Sardor Sobirov,2025-05-03,06:52:00,-07:00,2025-05-03T06:52:00-07:00,0,21
projects\projects.js,182,js,f72de823,Sardor Sobirov,2025-05-03,06:52:00,-07:00,2025-05-03T06:52:00-07:00,0,6
projects\index.html,1,html,5eaf1ab9,Sardor Sobirov,2025-04-04,21:48:34,-07:00,2025-04-04T21:48:34-07:00,0,14
projects\index.html,2,html,5eaf1ab9,Sardor Sobirov,2025-04-04,21:48:34,-07:00,2025-04-04T21:48:34-07:00,0,15
projects\index.html,3,html,5eaf1ab9,Sardor Sobirov,2025-04-04,21:48:34,-07:00,2025-04-04T21:48:34-07:00,0,5
projects\index.html,4,html,5eaf1ab9,Sardor Sobirov,2025-04-04,21:48:34,-07:00,2025-04-04T21:48:34-07:00,0,21
projects\index.html,5,html,5eaf1ab9,Sardor Sobirov,2025-04-04,21:48:34,-07:00,2025-04-04T21:48:34-07:00,0,69
projects\index.html,6,html,5eaf1ab9,Sardor Sobirov,2025-04-04,21:48:34,-07:00,2025-04-04T21:48:34-07:00,0,22
projects\index.html,7,html,2aad8523,Sardor Sobirov,2025-04-26,21:07:32,-07:00,2025-04-26T21:07:32-07:00,0,80
projects\index.html,8,html,869b9b97,Sardor Sobirov,2025-05-02,19:18:28,-07:00,2025-05-02T19:18:28-07:00,0,52
projects\index.html,9,html,2aad8523,Sardor Sobirov,2025-04-26,21:07:32,-07:00,2025-04-26T21:07:32-07:00,0,87
projects\index.html,10,html,660bb518,Sardor Sobirov,2025-04-25,18:57:25,-07:00,2025-04-25T18:57:25-07:00,0,54
projects\index.html,11,html,5eaf1ab9,Sardor Sobirov,2025-04-04,21:48:34,-07:00,2025-04-04T21:48:34-07:00,0,6
projects\index.html,12,html,5eaf1ab9,Sardor Sobirov,2025-04-04,21:48:34,-07:00,2025-04-04T21:48:34-07:00,0,5
projects\index.html,13,html,75cfe658,Sardor Sobirov,2025-04-26,20:08:07,-07:00,2025-04-26T20:08:07-07:00,0,39
projects\index.html,14,html,52198971,Sardor Sobirov,2025-05-02,17:18:45,-07:00,2025-05-02T17:18:45-07:00,0,5
projects\index.html,15,html,52198971,Sardor Sobirov,2025-05-02,17:18:45,-07:00,2025-05-02T17:18:45-07:00,0,16
projects\index.html,16,html,52198971,Sardor Sobirov,2025-05-02,17:18:45,-07:00,2025-05-02T17:18:45-07:00,0,12
projects\index.html,17,html,52198971,Sardor Sobirov,2025-05-02,17:18:45,-07:00,2025-05-02T17:18:45-07:00,0,27
projects\index.html,18,html,52198971,Sardor Sobirov,2025-05-02,17:18:45,-07:00,2025-05-02T17:18:45-07:00,0,32
projects\index.html,19,html,52198971,Sardor Sobirov,2025-05-02,17:18:45,-07:00,2025-05-02T17:18:45-07:00,0,1
projects\index.html,20,html,52198971,Sardor Sobirov,2025-05-02,17:18:45,-07:00,2025-05-02T17:18:45-07:00,0,22
projects\index.html,21,html,52198971,Sardor Sobirov,2025-05-02,17:18:45,-07:00,2025-05-02T17:18:45-07:00,0,36
projects\index.html,22,html,52198971,Sardor Sobirov,2025-05-02,17:18:45,-07:00,2025-05-02T17:18:45-07:00,0,23
projects\index.html,23,html,52198971,Sardor Sobirov,2025-05-02,17:18:45,-07:00,2025-05-02T17:18:45-07:00,0,5
projects\index.html,24,html,e2981d72,Sardor Sobirov,2025-04-11,19:31:30,-07:00,2025-04-11T19:31:30-07:00,0,21
projects\index.html,25,html,75cfe658,Sardor Sobirov,2025-04-26,20:08:07,-07:00,2025-04-26T20:08:07-07:00,0,50
projects\index.html,26,html,e2981d72,Sardor Sobirov,2025-04-11,19:31:30,-07:00,2025-04-11T19:31:30-07:00,0,5
projects\index.html,27,html,179c6e91,Sardor Sobirov,2025-04-30,15:26:24,-07:00,2025-04-30T15:26:24-07:00,0,7
projects\index.html,28,html,179c6e91,Sardor Sobirov,2025-04-30,15:26:24,-07:00,2025-04-30T15:26:24-07:00,0,71
projects\index.html,29,html,179c6e91,Sardor Sobirov,2025-04-30,15:26:24,-07:00,2025-04-30T15:26:24-07:00,0,8
projects\index.html,30,html,5eaf1ab9,Sardor Sobirov,2025-04-04,21:48:34,-07:00,2025-04-04T21:48:34-07:00,0,6
projects\index.html,31,html,5eaf1ab9,Sardor Sobirov,2025-04-04,21:48:34,-07:00,2025-04-04T21:48:34-07:00,0,6
meta\main.js,1,js,c1b0aceb,Sardor Sobirov,2025-05-10,14:51:07,-07:00,2025-05-10T14:51:07-07:00,0,64
meta\main.js,2,js,c1b0aceb,Sardor Sobirov,2025-05-10,14:51:07,-07:00,2025-05-10T14:51:07-07:00,0,0
meta\main.js,3,js,c1b0aceb,Sardor Sobirov,2025-05-10,14:51:07,-07:00,2025-05-10T14:51:07-07:00,0,26
meta\main.js,4,js,c1b0aceb,Sardor Sobirov,2025-05-10,14:51:07,-07:00,2025-05-10T14:51:07-07:00,0,47
meta\main.js,5,js,c1b0aceb,Sardor Sobirov,2025-05-10,14:51:07,-07:00,2025-05-10T14:51:07-07:00,0,6
meta\main.js,6,js,c1b0aceb,Sardor Sobirov,2025-05-10,14:51:07,-07:00,2025-05-10T14:51:07-07:00,0,15
meta\main.js,7,js,c1b0aceb,Sardor Sobirov,2025-05-10,14:51:07,-07:00,2025-05-10T14:51:07-07:00,0,17
meta\main.js,8,js,c1b0aceb,Sardor Sobirov,2025-05-10,14:51:07,-07:00,2025-05-10T14:51:07-07:00,0,19
meta\main.js,9,js,c1b0aceb,Sardor Sobirov,2025-05-10,14:51:07,-07:00,2025-05-10T14:51:07-07:00,0,50
meta\main.js,10,js,c1b0aceb,Sardor Sobirov,2025-05-10,14:51:07,-07:00,2025-05-10T14:51:07-07:00,0,32
meta\main.js,11,js,c1b0aceb,Sardor Sobirov,2025-05-10,14:51:07,-07:00,2025-05-10T14:51:07-07:00,0,3
meta\main.js,12,js,c1b0aceb,Sardor Sobirov,2025-05-10,14:51:07,-07:00,2025-05-10T14:51:07-07:00,0,11
meta\main.js,13,js,c1b0aceb,Sardor Sobirov,2025-05-10,14:51:07,-07:00,2025-05-10T14:51:07-07:00,0,0
meta\main.js,14,js,c1b0aceb,Sardor Sobirov,2025-05-10,14:51:07,-07:00,2025-05-10T14:51:07-07:00,0,0
meta\main.js,15,js,c1b0aceb,Sardor Sobirov,2025-05-10,14:51:07,-07:00,2025-05-10T14:51:07-07:00,0,30
meta\main.js,16,js,c1b0aceb,Sardor Sobirov,2025-05-10,14:51:07,-07:00,2025-05-10T14:51:07-07:00,0,65
meta\main.js,17,js,c1b0aceb,Sardor Sobirov,2025-05-10,14:51:07,-07:00,2025-05-10T14:51:07-07:00,0,20
meta\main.js,18,js,c1b0aceb,Sardor Sobirov,2025-05-10,14:51:07,-07:00,2025-05-10T14:51:07-07:00,0,54
meta\main.js,19,js,c1b0aceb,Sardor Sobirov,2025-05-10,14:51:07,-07:00,2025-05-10T14:51:07-07:00,0,10
meta\main.js,20,js,c1b0aceb,Sardor Sobirov,2025-05-10,14:51:07,-07:00,2025-05-10T14:51:07-07:00,0,10
meta\main.js,21,js,c1b0aceb,Sardor Sobirov,2025-05-10,14:51:07,-07:00,2025-05-10T14:51:07-07:00,0,52
meta\main.js,22,js,c1b0aceb,Sardor Sobirov,2025-05-10,14:51:07,-07:00,2025-05-10T14:51:07-07:00,0,6
meta\main.js,23,js,c1b0aceb,Sardor Sobirov,2025-05-10,14:51:07,-07:00,2025-05-10T14:51:07-07:00,0,4
meta\main.js,24,js,c1b0aceb,Sardor Sobirov,2025-05-10,14:51:07,-07:00,2025-05-10T14:51:07-07:00,0,4
meta\main.js,25,js,c1b0aceb,Sardor Sobirov,2025-05-10,14:51:07,-07:00,2025-05-10T14:51:07-07:00,0,8
meta\main.js,26,js,c1b0aceb,Sardor Sobirov,2025-05-10,14:51:07,-07:00,2025-05-10T14:51:07-07:00,0,8
meta\main.js,27,js,c1b0aceb,Sardor Sobirov,2025-05-10,14:51:07,-07:00,2025-05-10T14:51:07-07:00,0,58
meta\main.js,28,js,c1b0aceb,Sardor Sobirov,2025-05-10,14:51:07,-07:00,2025-05-10T14:51:07-07:00,0,24
meta\main.js,29,js,c1b0aceb,Sardor Sobirov,2025-05-10,14:51:07,-07:00,2025-05-10T14:51:07-07:00,0,1
meta\main.js,30,js,c1b0aceb,Sardor Sobirov,2025-05-10,14:51:07,-07:00,2025-05-10T14:51:07-07:00,0,36
meta\main.js,31,js,c1b0aceb,Sardor Sobirov,2025-05-10,14:51:07,-07:00,2025-05-10T14:51:07-07:00,0,12
meta\main.js,32,js,c1b0aceb,Sardor Sobirov,2025-05-10,14:51:07,-07:00,2025-05-10T14:51:07-07:00,0,17
meta\main.js,33,js,c1b0aceb,Sardor Sobirov,2025-05-10,14:51:07,-07:00,2025-05-10T14:51:07-07:00,0,2
meta\main.js,34,js,c1b0aceb,Sardor Sobirov,2025-05-10,14:51:07,-07:00,2025-05-10T14:51:07-07:00,0,10
meta\main.js,35,js,c1b0aceb,Sardor Sobirov,2025-05-10,14:51:07,-07:00,2025-05-10T14:51:07-07:00,0,2
meta\main.js,36,js,c1b0aceb,Sardor Sobirov,2025-05-10,14:51:07,-07:00,2025-05-10T14:51:07-07:00,0,0
meta\main.js,37,js,c1b0aceb,Sardor Sobirov,2025-05-10,14:51:07,-07:00,2025-05-10T14:51:07-07:00,0,0
meta\main.js,38,js,c1b0aceb,Sardor Sobirov,2025-05-10,14:51:07,-07:00,2025-05-10T14:51:07-07:00,0,41
meta\main.js,39,js,c1b0aceb,Sardor Sobirov,2025-05-10,14:51:07,-07:00,2025-05-10T14:51:07-07:00,0,66
meta\main.js,40,js,c1b0aceb,Sardor Sobirov,2025-05-10,14:51:07,-07:00,2025-05-10T14:51:07-07:00,0,68
meta\main.js,41,js,c1b0aceb,Sardor Sobirov,2025-05-10,14:51:07,-07:00,2025-05-10T14:51:07-07:00,0,33
meta\main.js,42,js,c1b0aceb,Sardor Sobirov,2025-05-10,14:51:07,-07:00,2025-05-10T14:51:07-07:00,0,37
meta\main.js,43,js,c1b0aceb,Sardor Sobirov,2025-05-10,14:51:07,-07:00,2025-05-10T14:51:07-07:00,0,36
meta\main.js,44,js,c1b0aceb,Sardor Sobirov,2025-05-10,14:51:07,-07:00,2025-05-10T14:51:07-07:00,0,0
meta\main.js,45,js,c1b0aceb,Sardor Sobirov,2025-05-10,14:51:07,-07:00,2025-05-10T14:51:07-07:00,0,0
meta\main.js,46,js,c1b0aceb,Sardor Sobirov,2025-05-10,14:51:07,-07:00,2025-05-10T14:51:07-07:00,0,42
meta\main.js,47,js,c1b0aceb,Sardor Sobirov,2025-05-10,14:51:07,-07:00,2025-05-10T14:51:07-07:00,0,87
meta\main.js,48,js,c1b0aceb,Sardor Sobirov,2025-05-10,14:51:07,-07:00,2025-05-10T14:51:07-07:00,0,19
meta\main.js,49,js,c1b0aceb,Sardor Sobirov,2025-05-10,14:51:07,-07:00,2025-05-10T14:51:07-07:00,0,15
meta\main.js,50,js,c1b0aceb,Sardor Sobirov,2025-05-10,14:51:07,-07:00,2025-05-10T14:51:07-07:00,0,27
meta\main.js,51,js,c1b0aceb,Sardor Sobirov,2025-05-10,14:51:07,-07:00,2025-05-10T14:51:07-07:00,0,30
meta\main.js,52,js,c1b0aceb,Sardor Sobirov,2025-05-10,14:51:07,-07:00,2025-05-10T14:51:07-07:00,0,17
meta\main.js,53,js,c1b0aceb,Sardor Sobirov,2025-05-10,14:51:07,-07:00,2025-05-10T14:51:07-07:00,0,41
meta\main.js,54,js,c1b0aceb,Sardor Sobirov,2025-05-10,14:51:07,-07:00,2025-05-10T14:51:07-07:00,0,43
meta\main.js,55,js,c1b0aceb,Sardor Sobirov,2025-05-10,14:51:07,-07:00,2025-05-10T14:51:07-07:00,0,1
meta\main.js,56,js,c1b0aceb,Sardor Sobirov,2025-05-10,14:51:07,-07:00,2025-05-10T14:51:07-07:00,0,0
meta\main.js,57,js,c1b0aceb,Sardor Sobirov,2025-05-10,14:51:07,-07:00,2025-05-10T14:51:07-07:00,0,28
meta\main.js,58,js,c1b0aceb,Sardor Sobirov,2025-05-10,14:51:07,-07:00,2025-05-10T14:51:07-07:00,0,45
meta\main.js,59,js,c1b0aceb,Sardor Sobirov,2025-05-10,14:51:07,-07:00,2025-05-10T14:51:07-07:00,0,42
meta\main.js,60,js,c1b0aceb,Sardor Sobirov,2025-05-10,14:51:07,-07:00,2025-05-10T14:51:07-07:00,0,7
meta\main.js,61,js,c1b0aceb,Sardor Sobirov,2025-05-10,14:51:07,-07:00,2025-05-10T14:51:07-07:00,0,0
meta\main.js,62,js,c1b0aceb,Sardor Sobirov,2025-05-10,14:51:07,-07:00,2025-05-10T14:51:07-07:00,0,30
meta\main.js,63,js,c1b0aceb,Sardor Sobirov,2025-05-10,14:51:07,-07:00,2025-05-10T14:51:07-07:00,0,15
meta\main.js,64,js,c1b0aceb,Sardor Sobirov,2025-05-10,14:51:07,-07:00,2025-05-10T14:51:07-07:00,0,43
meta\main.js,65,js,c1b0aceb,Sardor Sobirov,2025-05-10,14:51:07,-07:00,2025-05-10T14:51:07-07:00,0,0
meta\main.js,66,js,c1b0aceb,Sardor Sobirov,2025-05-10,14:51:07,-07:00,2025-05-10T14:51:07-07:00,0,30
meta\main.js,67,js,c1b0aceb,Sardor Sobirov,2025-05-10,14:51:07,-07:00,2025-05-10T14:51:07-07:00,0,13
meta\main.js,68,js,c1b0aceb,Sardor Sobirov,2025-05-10,14:51:07,-07:00,2025-05-10T14:51:07-07:00,0,41
meta\main.js,69,js,c1b0aceb,Sardor Sobirov,2025-05-10,14:51:07,-07:00,2025-05-10T14:51:07-07:00,0,29
meta\main.js,70,js,c1b0aceb,Sardor Sobirov,2025-05-10,14:51:07,-07:00,2025-05-10T14:51:07-07:00,0,0
meta\main.js,71,js,c1b0aceb,Sardor Sobirov,2025-05-10,14:51:07,-07:00,2025-05-10T14:51:07-07:00,0,14
meta\main.js,72,js,c1b0aceb,Sardor Sobirov,2025-05-10,14:51:07,-07:00,2025-05-10T14:51:07-07:00,0,55
meta\main.js,73,js,c1b0aceb,Sardor Sobirov,2025-05-10,14:51:07,-07:00,2025-05-10T14:51:07-07:00,0,28
meta\main.js,74,js,c1b0aceb,Sardor Sobirov,2025-05-10,14:51:07,-07:00,2025-05-10T14:51:07-07:00,0,0
meta\main.js,75,js,c1b0aceb,Sardor Sobirov,2025-05-10,14:51:07,-07:00,2025-05-10T14:51:07-07:00,0,14
meta\main.js,76,js,c1b0aceb,Sardor Sobirov,2025-05-10,14:51:07,-07:00,2025-05-10T14:51:07-07:00,0,53
meta\main.js,77,js,c1b0aceb,Sardor Sobirov,2025-05-10,14:51:07,-07:00,2025-05-10T14:51:07-07:00,0,85
meta\main.js,78,js,c1b0aceb,Sardor Sobirov,2025-05-10,14:51:07,-07:00,2025-05-10T14:51:07-07:00,0,0
meta\main.js,79,js,c1b0aceb,Sardor Sobirov,2025-05-10,14:51:07,-07:00,2025-05-10T14:51:07-07:00,0,50
meta\main.js,80,js,c1b0aceb,Sardor Sobirov,2025-05-10,14:51:07,-07:00,2025-05-10T14:51:07-07:00,0,23
meta\main.js,81,js,c1b0aceb,Sardor Sobirov,2025-05-10,14:51:07,-07:00,2025-05-10T14:51:07-07:00,0,13
meta\main.js,82,js,c1b0aceb,Sardor Sobirov,2025-05-10,14:51:07,-07:00,2025-05-10T14:51:07-07:00,0,14
meta\main.js,83,js,c1b0aceb,Sardor Sobirov,2025-05-10,14:51:07,-07:00,2025-05-10T14:51:07-07:00,0,37
meta\main.js,84,js,c1b0aceb,Sardor Sobirov,2025-05-10,14:51:07,-07:00,2025-05-10T14:51:07-07:00,0,37
meta\main.js,85,js,c1b0aceb,Sardor Sobirov,2025-05-10,14:51:07,-07:00,2025-05-10T14:51:07-07:00,0,12
meta\main.js,86,js,c1b0aceb,Sardor Sobirov,2025-05-10,14:51:07,-07:00,2025-05-10T14:51:07-07:00,0,25
meta\main.js,87,js,c1b0aceb,Sardor Sobirov,2025-05-10,14:51:07,-07:00,2025-05-10T14:51:07-07:00,0,37
meta\main.js,88,js,c1b0aceb,Sardor Sobirov,2025-05-10,14:51:07,-07:00,2025-05-10T14:51:07-07:00,0,28
meta\main.js,89,js,c1b0aceb,Sardor Sobirov,2025-05-10,14:51:07,-07:00,2025-05-10T14:51:07-07:00,0,29
meta\main.js,90,js,c1b0aceb,Sardor Sobirov,2025-05-10,14:51:07,-07:00,2025-05-10T14:51:07-07:00,0,28
meta\main.js,91,js,c1b0aceb,Sardor Sobirov,2025-05-10,14:51:07,-07:00,2025-05-10T14:51:07-07:00,0,1
meta\main.js,92,js,c1b0aceb,Sardor Sobirov,2025-05-10,14:51:07,-07:00,2025-05-10T14:51:07-07:00,0,55
meta\main.js,93,js,c1b0aceb,Sardor Sobirov,2025-05-10,14:51:07,-07:00,2025-05-10T14:51:07-07:00,0,0
meta\main.js,94,js,c1b0aceb,Sardor Sobirov,2025-05-10,14:51:07,-07:00,2025-05-10T14:51:07-07:00,0,0
meta\main.js,95,js,c1b0aceb,Sardor Sobirov,2025-05-10,14:51:07,-07:00,2025-05-10T14:51:07-07:00,0,38
meta\main.js,96,js,c1b0aceb,Sardor Sobirov,2025-05-10,14:51:07,-07:00,2025-05-10T14:51:07-07:00,0,51
meta\main.js,97,js,c1b0aceb,Sardor Sobirov,2025-05-10,14:51:07,-07:00,2025-05-10T14:51:07-07:00,0,51
meta\main.js,98,js,c1b0aceb,Sardor Sobirov,2025-05-10,14:51:07,-07:00,2025-05-10T14:51:07-07:00,0,51
meta\main.js,99,js,c1b0aceb,Sardor Sobirov,2025-05-10,14:51:07,-07:00,2025-05-10T14:51:07-07:00,0,55
meta\main.js,100,js,c1b0aceb,Sardor Sobirov,2025-05-10,14:51:07,-07:00,2025-05-10T14:51:07-07:00,0,53
meta\main.js,101,js,c1b0aceb,Sardor Sobirov,2025-05-10,14:51:07,-07:00,2025-05-10T14:51:07-07:00,0,0
meta\main.js,102,js,c1b0aceb,Sardor Sobirov,2025-05-10,14:51:07,-07:00,2025-05-10T14:51:07-07:00,0,22
meta\main.js,103,js,c1b0aceb,Sardor Sobirov,2025-05-10,14:51:07,-07:00,2025-05-10T14:51:07-07:00,0,28
meta\main.js,104,js,c1b0aceb,Sardor Sobirov,2025-05-10,14:51:07,-07:00,2025-05-10T14:51:07-07:00,0,51
meta\main.js,105,js,c1b0aceb,Sardor Sobirov,2025-05-10,14:51:07,-07:00,2025-05-10T14:51:07-07:00,0,30
meta\main.js,106,js,c1b0aceb,Sardor Sobirov,2025-05-10,14:51:07,-07:00,2025-05-10T14:51:07-07:00,0,34
meta\main.js,107,js,c1b0aceb,Sardor Sobirov,2025-05-10,14:51:07,-07:00,2025-05-10T14:51:07-07:00,0,37
meta\main.js,108,js,c1b0aceb,Sardor Sobirov,2025-05-10,14:51:07,-07:00,2025-05-10T14:51:07-07:00,0,0
meta\main.js,109,js,c1b0aceb,Sardor Sobirov,2025-05-10,14:51:07,-07:00,2025-05-10T14:51:07-07:00,0,0
meta\main.js,110,js,c1b0aceb,Sardor Sobirov,2025-05-10,14:51:07,-07:00,2025-05-10T14:51:07-07:00,0,44
meta\main.js,111,js,c1b0aceb,Sardor Sobirov,2025-05-10,14:51:07,-07:00,2025-05-10T14:51:07-07:00,0,61
meta\main.js,112,js,c1b0aceb,Sardor Sobirov,2025-05-10,14:51:07,-07:00,2025-05-10T14:51:07-07:00,0,0
meta\main.js,113,js,c1b0aceb,Sardor Sobirov,2025-05-10,14:51:07,-07:00,2025-05-10T14:51:07-07:00,0,0
meta\main.js,114,js,c1b0aceb,Sardor Sobirov,2025-05-10,14:51:07,-07:00,2025-05-10T14:51:07-07:00,0,38
meta\main.js,115,js,c1b0aceb,Sardor Sobirov,2025-05-10,14:51:07,-07:00,2025-05-10T14:51:07-07:00,0,57
meta\main.js,116,js,c1b0aceb,Sardor Sobirov,2025-05-10,14:51:07,-07:00,2025-05-10T14:51:07-07:00,0,41
meta\main.js,117,js,c1b0aceb,Sardor Sobirov,2025-05-10,14:51:07,-07:00,2025-05-10T14:51:07-07:00,0,40
meta\main.js,118,js,c1b0aceb,Sardor Sobirov,2025-05-10,14:51:07,-07:00,2025-05-10T14:51:07-07:00,0,0
meta\main.js,119,js,c1b0aceb,Sardor Sobirov,2025-05-10,14:51:07,-07:00,2025-05-10T14:51:07-07:00,0,0
meta\main.js,120,js,c1b0aceb,Sardor Sobirov,2025-05-10,14:51:07,-07:00,2025-05-10T14:51:07-07:00,0,22
meta\main.js,121,js,c1b0aceb,Sardor Sobirov,2025-05-10,14:51:07,-07:00,2025-05-10T14:51:07-07:00,0,29
meta\main.js,122,js,c1b0aceb,Sardor Sobirov,2025-05-10,14:51:07,-07:00,2025-05-10T14:51:07-07:00,0,36
meta\main.js,123,js,c1b0aceb,Sardor Sobirov,2025-05-10,14:51:07,-07:00,2025-05-10T14:51:07-07:00,0,31
meta\main.js,124,js,c1b0aceb,Sardor Sobirov,2025-05-10,14:51:07,-07:00,2025-05-10T14:51:07-07:00,0,32
meta\main.js,125,js,c1b0aceb,Sardor Sobirov,2025-05-10,14:51:07,-07:00,2025-05-10T14:51:07-07:00,0,0
meta\main.js,126,js,c1b0aceb,Sardor Sobirov,2025-05-10,14:51:07,-07:00,2025-05-10T14:51:07-07:00,0,0
meta\main.js,127,js,c1b0aceb,Sardor Sobirov,2025-05-10,14:51:07,-07:00,2025-05-10T14:51:07-07:00,0,6
meta\index.html,1,html,c1b0aceb,Sardor Sobirov,2025-05-10,14:51:07,-07:00,2025-05-10T14:51:07-07:00,0,14
meta\index.html,2,html,c1b0aceb,Sardor Sobirov,2025-05-10,14:51:07,-07:00,2025-05-10T14:51:07-07:00,0,15
meta\index.html,3,html,c1b0aceb,Sardor Sobirov,2025-05-10,14:51:07,-07:00,2025-05-10T14:51:07-07:00,0,5
meta\index.html,4,html,c1b0aceb,Sardor Sobirov,2025-05-10,14:51:07,-07:00,2025-05-10T14:51:07-07:00,0,21
meta\index.html,5,html,c1b0aceb,Sardor Sobirov,2025-05-10,14:51:07,-07:00,2025-05-10T14:51:07-07:00,0,69
meta\index.html,6,html,c1b0aceb,Sardor Sobirov,2025-05-10,14:51:07,-07:00,2025-05-10T14:51:07-07:00,0,27
meta\index.html,7,html,c1b0aceb,Sardor Sobirov,2025-05-10,14:51:07,-07:00,2025-05-10T14:51:07-07:00,0,80
meta\index.html,8,html,c1b0aceb,Sardor Sobirov,2025-05-10,14:51:07,-07:00,2025-05-10T14:51:07-07:00,0,87
meta\index.html,9,html,c1b0aceb,Sardor Sobirov,2025-05-10,14:51:07,-07:00,2025-05-10T14:51:07-07:00,0,52
meta\index.html,10,html,c1b0aceb,Sardor Sobirov,2025-05-10,14:51:07,-07:00,2025-05-10T14:51:07-07:00,0,6
meta\index.html,11,html,c1b0aceb,Sardor Sobirov,2025-05-10,14:51:07,-07:00,2025-05-10T14:51:07-07:00,0,5
meta\index.html,12,html,c1b0aceb,Sardor Sobirov,2025-05-10,14:51:07,-07:00,2025-05-10T14:51:07-07:00,0,44
meta\index.html,13,html,c1b0aceb,Sardor Sobirov,2025-05-10,14:51:07,-07:00,2025-05-10T14:51:07-07:00,0,63
meta\index.html,14,html,c1b0aceb,Sardor Sobirov,2025-05-10,14:51:07,-07:00,2025-05-10T14:51:07-07:00,0,21
meta\index.html,15,html,c1b0aceb,Sardor Sobirov,2025-05-10,14:51:07,-07:00,2025-05-10T14:51:07-07:00,0,30
meta\index.html,16,html,c1b0aceb,Sardor Sobirov,2025-05-10,14:51:07,-07:00,2025-05-10T14:51:07-07:00,0,21
meta\index.html,17,html,c1b0aceb,Sardor Sobirov,2025-05-10,14:51:07,-07:00,2025-05-10T14:51:07-07:00,0,51
meta\index.html,18,html,c1b0aceb,Sardor Sobirov,2025-05-10,14:51:07,-07:00,2025-05-10T14:51:07-07:00,0,14
meta\index.html,19,html,c1b0aceb,Sardor Sobirov,2025-05-10,14:51:07,-07:00,2025-05-10T14:51:07-07:00,0,56
meta\index.html,20,html,c1b0aceb,Sardor Sobirov,2025-05-10,14:51:07,-07:00,2025-05-10T14:51:07-07:00,0,12
meta\index.html,21,html,c1b0aceb,Sardor Sobirov,2025-05-10,14:51:07,-07:00,2025-05-10T14:51:07-07:00,0,25
meta\index.html,22,html,c1b0aceb,Sardor Sobirov,2025-05-10,14:51:07,-07:00,2025-05-10T14:51:07-07:00,0,12
meta\index.html,23,html,c1b0aceb,Sardor Sobirov,2025-05-10,14:51:07,-07:00,2025-05-10T14:51:07-07:00,0,25
meta\index.html,24,html,c1b0aceb,Sardor Sobirov,2025-05-10,14:51:07,-07:00,2025-05-10T14:51:07-07:00,0,14
meta\index.html,25,html,c1b0aceb,Sardor Sobirov,2025-05-10,14:51:07,-07:00,2025-05-10T14:51:07-07:00,0,27
meta\index.html,26,html,c1b0aceb,Sardor Sobirov,2025-05-10,14:51:07,-07:00,2025-05-10T14:51:07-07:00,0,20
meta\index.html,27,html,c1b0aceb,Sardor Sobirov,2025-05-10,14:51:07,-07:00,2025-05-10T14:51:07-07:00,0,26
meta\index.html,28,html,c1b0aceb,Sardor Sobirov,2025-05-10,14:51:07,-07:00,2025-05-10T14:51:07-07:00,0,4
meta\index.html,29,html,c1b0aceb,Sardor Sobirov,2025-05-10,14:51:07,-07:00,2025-05-10T14:51:07-07:00,0,46
meta\index.html,30,html,c1b0aceb,Sardor Sobirov,2025-05-10,14:51:07,-07:00,2025-05-10T14:51:07-07:00,0,46
meta\index.html,31,html,c1b0aceb,Sardor Sobirov,2025-05-10,14:51:07,-07:00,2025-05-10T14:51:07-07:00,0,6
meta\index.html,32,html,c1b0aceb,Sardor Sobirov,2025-05-10,14:51:07,-07:00,2025-05-10T14:51:07-07:00,0,6
contact\index.html,1,html,7facc497,Sardor Sobirov,2025-04-03,12:02:37,-07:00,2025-04-03T12:02:37-07:00,0,14
contact\index.html,2,html,7facc497,Sardor Sobirov,2025-04-03,12:02:37,-07:00,2025-04-03T12:02:37-07:00,0,15
contact\index.html,3,html,7facc497,Sardor Sobirov,2025-04-03,12:02:37,-07:00,2025-04-03T12:02:37-07:00,0,5
contact\index.html,4,html,7facc497,Sardor Sobirov,2025-04-03,12:02:37,-07:00,2025-04-03T12:02:37-07:00,0,21
contact\index.html,5,html,7facc497,Sardor Sobirov,2025-04-03,12:02:37,-07:00,2025-04-03T12:02:37-07:00,0,69
contact\index.html,6,html,7facc497,Sardor Sobirov,2025-04-03,12:02:37,-07:00,2025-04-03T12:02:37-07:00,0,21
contact\index.html,7,html,0fd9e8b2,Sardor Sobirov,2025-04-18,13:09:13,-07:00,2025-04-18T13:09:13-07:00,0,80
contact\index.html,8,html,0fd9e8b2,Sardor Sobirov,2025-04-18,13:09:13,-07:00,2025-04-18T13:09:13-07:00,0,87
contact\index.html,9,html,7facc497,Sardor Sobirov,2025-04-03,12:02:37,-07:00,2025-04-03T12:02:37-07:00,0,6
contact\index.html,10,html,7facc497,Sardor Sobirov,2025-04-03,12:02:37,-07:00,2025-04-03T12:02:37-07:00,0,5
contact\index.html,11,html,7facc497,Sardor Sobirov,2025-04-03,12:02:37,-07:00,2025-04-03T12:02:37-07:00,0,15
contact\index.html,12,html,7b7bddae,Sardor Sobirov,2025-04-18,12:52:49,-07:00,2025-04-18T12:52:49-07:00,0,54
contact\index.html,13,html,7facc497,Sardor Sobirov,2025-04-03,12:02:37,-07:00,2025-04-03T12:02:37-07:00,0,6
contact\index.html,14,html,7facc497,Sardor Sobirov,2025-04-03,12:02:37,-07:00,2025-04-03T12:02:37-07:00,0,7
contact\index.html,15,html,7facc497,Sardor Sobirov,2025-04-03,12:02:37,-07:00,2025-04-03T12:02:37-07:00,0,42
contact\index.html,16,html,7facc497,Sardor Sobirov,2025-04-03,12:02:37,-07:00,2025-04-03T12:02:37-07:00,0,7
contact\index.html,17,html,7facc497,Sardor Sobirov,2025-04-03,12:02:37,-07:00,2025-04-03T12:02:37-07:00,0,6
contact\index.html,18,html,7facc497,Sardor Sobirov,2025-04-03,12:02:37,-07:00,2025-04-03T12:02:37-07:00,0,7
contact\index.html,19,html,7facc497,Sardor Sobirov,2025-04-03,12:02:37,-07:00,2025-04-03T12:02:37-07:00,0,50
contact\index.html,20,html,7facc497,Sardor Sobirov,2025-04-03,12:02:37,-07:00,2025-04-03T12:02:37-07:00,0,7
contact\index.html,21,html,7facc497,Sardor Sobirov,2025-04-03,12:02:37,-07:00,2025-04-03T12:02:37-07:00,0,22
contact\index.html,22,html,7facc497,Sardor Sobirov,2025-04-03,12:02:37,-07:00,2025-04-03T12:02:37-07:00,0,6
contact\index.html,23,html,741af866,Sardor Sobirov,2025-04-18,16:36:00,-07:00,2025-04-18T16:36:00-07:00,0,2
contact\index.html,24,html,741af866,Sardor Sobirov,2025-04-18,16:36:00,-07:00,2025-04-18T16:36:00-07:00,0,3
contact\index.html,25,html,7facc497,Sardor Sobirov,2025-04-03,12:02:37,-07:00,2025-04-03T12:02:37-07:00,0,6
contact\index.html,26,html,7facc497,Sardor Sobirov,2025-04-03,12:02:37,-07:00,2025-04-03T12:02:37-07:00,0,6
